video_id,query_label,query,search_rank,title,description,channel_title,channel_id,upload_date,timestamp,duration_seconds,views,likes,comments,webpage_url,availability,live_status,language,tags,categories,thumbnail_url,collected_at_utc,collector
TDD3AnPmU7o,general_english,Peking Opera,1,Enjoying the classic Peking Opera 'Drunken Concubine' at Mid Autumn Festival,"The Mid-Autumn Festival falls on October 1 this year, marking one of the most important and poetic Chinese festivals. People across the country reunite with family and friends, and enjoy the charm of moon together. 

Some people will choose to watch Peking Opera during the festivities, classic opera ""Drunken Concubine"" is one of the most widely circulated ones. It is also a must-see Chinese opera for die-hard opera fans around the world.

For  more:
https://www.cgtn.com/video

Subscribe to us on YouTube: https://goo.gl/lP12gA
Download our APP on Apple Store (iOS): https://itunes.apple.com/us/app/cctvnews-app/id922456579?l=zh&ls=1&mt=8
Download our APP on Google Play (Android): https://play.google.com/store/apps/details?id=com.imib.cctv",CGTN,UCgrNz-aDmcr2uuto8_DL2jg,20201002,1601641267,158,1779283,48835.0,2400.0,https://www.youtube.com/watch?v=TDD3AnPmU7o,public,not_live,,CGTN|News|pekingopera|beijing|china|performance|opera,News & Politics,https://i.ytimg.com/vi/TDD3AnPmU7o/maxresdefault.jpg,2026-07-24T07:42:43+00:00,yt-dlp public YouTube metadata extractor
CfnGuqBsXjA,general_english,Peking Opera,2,"Peking Opera:《The Drunken Concubine》京剧: 贵妃醉酒, [Chinese Opera English Subtitles]","Hi everyone!
Please excuse my amateur translation, feel free to make any corrections in the comments! Many expressions and phrases are untranslatable, I recommend looking at the original Chinese if you have the time: www.bilibili.com/video/BV1HG4y1Z7A6/?spm_id_from=333.337.search-card.all.click
I don't claim any credit of this work aside from the translations.

The most well-known work of the famous opera master Mei Lanfang, The Drunken Concubine is more of a one-person performance than an opera that follows a long plot. It is a one-act opera that explores themes of the fragility of life, power and sorrow, and requires high skill from the performer. 

This opera is about Concubine Yang, a real person who was one of the Four Ancient Beauties of China. en.wikipedia.org/wiki/Four_Beauties

I hope you enjoy~


Cultural notes:

Chang'e is the chinese goddess of the moon who is accompanies by the jade rabbit. They live in the Guanghan palace on the moon.

#chineseopera #pekingopera #englishsubs #engsub #drunkenconcubine #meilanfang #京剧 #戏曲 #梅兰芳 #贵妃醉酒",Clover,UCW5ObKdSnhrbYESlkSMGGfQ,20240704,1720085728,4541,53044,1710.0,72.0,https://www.youtube.com/watch?v=CfnGuqBsXjA,public,not_live,,chineseopera|pekingopera|#chineseopera|#pekingopera|chinese opera|peking opera|engsub|eng sub|京剧|戏曲|贵妃醉酒|The Drunken Concubine,Entertainment,https://i.ytimg.com/vi/CfnGuqBsXjA/sddefault.jpg,2026-07-24T07:42:43+00:00,yt-dlp public YouTube metadata extractor
rENUrYQQqqw,general_english,Peking Opera,3,"""The Unicorn Purse"" (锁麟囊) 1/2 [English Subtitles]","Re-uploaded with some slight revisions

My amateur translation, thanks to operabeijing for the original video: http://operabeijing.com/?p=207
Please feel free to leave any translation corrections/suggestions in the comments. 

""The Unicorn Purse"" (锁麟囊/Suo Lin Nang) was written in 1940 by Weng Ouhong (翁偶虹) at the request of Cheng Yanqiu (程砚秋), one of the ""Four Great Dan"" of the twentieth century and the teacher of the teacher of Zhang Huoding. This video presents a version of that play with a few cuts and a new ending.

""Suo Lin Nang"" literally means ""locked 'lin' purse"", a ""lin"" being the female variant of a mythical Chinese animal that is often translated as a ""unicorn,"" even though it really isn't one. See: http://en.wikipedia.org/wiki/Qilin

Random notes:

-""I want the ducks in... five colors"": Traditionally, blue, yellow, red, white and black.

-""The jewel that is the fulfillment... (如意珠)"": This could be a reference to the ""Cintamani"" of Buddhism, though I doubt it. 如意, meaning, roughly, ""as you will"", is a fairly common term and I think it would be odd for Xiangling to have this sudden diversion into theology.

-""Plain white handkerchief"": In Chinese culture, white is the color mourning and therefore inappropriate for a wedding.

-""It's neither a pig nor a dog!"": I'm not sure what this means... In general, the servants in this play use a lot of Chinese humor that I don't know how to translate.

-""when the stars align"": Jixiang literally just says that the 18th is a ""good day"". But in Chinese, ""good day"" is understood to mean a day that is auspicious or fortuitous for numerological or astrological reasons.

-""magpie bridge"": http://en.wikipedia.org/wiki/Niulang 

-""mermaid-pearls"": A poetic term for tears, though Chinese mermaids are actually frightening monsters.

-""different key"": as in a musical key. Sort of like ""she marches to the beat of a different drum""

-""dried-out, tough, crabby, and rude"": This play has a lot of touches of northern Chinese culture; ""dried-out, tough, crabby, and rude"" is used to refer to a certain type of personality among natives of Beijing. I think.

-""a mat for her kang"": A kang is a heated platform that you can sit on, eat on, sleep on, etc. that was commonly used in the old days before central heating. This is another instance of Chinese humor that I don't know how to translate.

-Luan bird: A mythical bird.

-""if you mimic other people..."": The first line of a nonsensical children's chant.

-""flower of my youth"": This line could also mean something like ""we are both unfulfilled"", but several internet sources say that it refers specifically to ""unfulfilled years"".

-""the laundress fed Hanxin"": It's said that, before becoming one of the founders of the Han Dynasty, Han Xin was a poor man who depended on what he could catch with his fishing rod to survive. He was not a very good fisherman but, fortunately, whenever one of the laundresses who used the same river he did saw that he had not caught anything, she would share her meals with him. Later, when Han Xin became a powerful general, he sought out that laundress and tried to reward her. She refused to accept anything and said something to the effect that she had fed him for his sake, not hers.

-""look at this person's style"": Another joke I don't understand.

-""Scoundrel!"": Luhan actually calls the gong player a ""thing"". In Chinese, this is something like saying ""You are less than human"", though not quite that severe.

-""The first bow is to heaven and earth"": These are all lines spoken during a traditional Chinese wedding ceremony.

-""Day to return to her parental home"": After marriage, a woman would move in with her husband's family; on certain days, she would be expected to go back home to visit her parents as an act of filial piety.

-""three generations his junior"": This is a joke I actually get! Jixiang is essentially saying to Tingxun, ""The death of your wife is equivalent to the death of my grandmother, and the death of your son is equivalent to the death of my father."" In other words, ""The death of someone who is of the same generation as you is equivalent to the death of someone who is two generations older than I am, and the death of someone one generation younger than you is equivalent to the death of someone one generation older than I am."" Deference to one's elders is central to traditional Chinese culture; Jixiang is is flattering Tingxun by saying his wealth demands a two generation-gap's worth of respect.",Nikhi Chau,UC1Y55WqXd-IqV0KMzdJRUyA,20140719,1405797043,4974,46185,1042.0,63.0,https://www.youtube.com/watch?v=rENUrYQQqqw,public,not_live,,the unicorn purse|锁麟囊|jingju|京剧|张火丁|程砚秋|chinese opera|peking opera|beijing opera|world music|musicology|ethnomusicology|english subtitles|subtitle|china,People & Blogs,https://i.ytimg.com/vi/rENUrYQQqqw/maxresdefault.jpg,2026-07-24T07:42:43+00:00,yt-dlp public YouTube metadata extractor
DtgVgmc5_eM,general_english,Peking Opera,4,What is Peking Opera ?,"Peking Opera, also known as Ping opera and Peking Opera, is the top of the Chinese opera and the ""quintessence"" of China. Let's discover it togheter ! :)

#PekingOpera #京剧",China Cultural Center in Brussels,UCFfF_BxnKSiJsk4xOivhjcg,20210421,1619004596,196,5346,75.0,1.0,https://www.youtube.com/watch?v=DtgVgmc5_eM,public,not_live,en,,Nonprofits & Activism,https://i.ytimg.com/vi/DtgVgmc5_eM/maxresdefault.jpg,2026-07-24T07:42:43+00:00,yt-dlp public YouTube metadata extractor
BQ04L9yMPd4,general_english,Peking Opera,5,Peking Opera “The Unicorn Purse” (Full Length),"Peking Opera “The Unicorn Purse” tells a story about returning favour. On the way to the wedding, XUE Xiangling, daughter of a wealthy family, meets crying poor pride ZHAO Shouzhen and gives her the unicorn purse with jewelry inside as a gift. Years later, ZHAO helps XUE in trouble.
Leading performer: CHI Xiaoqiu
Presenter: Jingju Theatre Company of Beijing",China NCPA,UC-EO9wEuPGwSCmHow2v3x3w,20210512,1620812069,8799,213805,4298.0,290.0,https://www.youtube.com/watch?v=BQ04L9yMPd4,public,not_live,,NCPA Latest|The Unicorn Purse|Peking Opera|opera|tradition|music|Chinese culture|culture|performance|stage|arts|国家大剧院|國家大劇院|NCPA,Music,https://i.ytimg.com/vi/BQ04L9yMPd4/maxresdefault.jpg,2026-07-24T07:42:43+00:00,yt-dlp public YouTube metadata extractor
vtV3iAuYN48,general_english,Peking Opera,6,Peking opera,"UNESCO: Representative List of the Intangible Cultural Heritage of Humanity - 2010
URL: http://www.unesco.org/culture/ich/RL/00418
Description: Peking opera is a performance art incorporating singing, reciting, acting, martial arts. Although widely practised throughout China, its performance centres on Beijing, Tianjin and Shanghai. Peking opera is sung and recited using primarily Beijing dialect, and its librettos are composed according to a strict set of rules that prize form and rhyme. They tell stories of history, politics, society and daily life and aspire to inform as they entertain. The music of Peking opera plays a key role in setting the pace of the show, creating a particular atmosphere, shaping the characters, and guiding the progress of the stories. 'Civilian plays' emphasize string and wind instruments such as the thin, high-pitched ''jinghu ''and the flute ''dizi, ''while 'military plays' feature percussion instruments like the ''bangu ''or ''daluo. ''Performance is characterized by a formulaic and symbolic style with actors and actresses following established choreography for movements of hands, eyes, torsos, and feet. Traditionally, stage settings and props are kept to a minimum. Costumes are flamboyant and the exaggerated facial make-up uses concise symbols, colours and patterns to portray characters' personalities and social identities. Peking opera is transmitted largely through master-student training with trainees learning basic skills through oral instruction, observation and imitation. It is regarded as an expression of the aesthetic ideal of opera in traditional Chinese society and remains a widely recognized element of the country's cultural heritage.
Country(ies): China
© 2009 by Han wen / Beijing Bureau of Culture
Duration: 00:09:08 - Support: DVD (0041800004)",UNESCO,UCkD7gm3Am3M3k156lk46t3A,20101105,1288961551,548,323563,1406.0,,https://www.youtube.com/watch?v=vtV3iAuYN48,public,not_live,en,Intangible|Cultural|Heritage;|UNESCO|2003|Convention;|China;|00418;|Representative|List|(2010),People & Blogs,https://i.ytimg.com/vi/vtV3iAuYN48/hqdefault.jpg?sqp=-oaymwEmCOADEOgC8quKqQMa8AEB-AH-BIAC4AOKAgwIABABGH8gLCgYMA8=&rs=AOn4CLBTlj7FvZsT4aNlLFqV99PRFVK7RQ,2026-07-24T07:42:43+00:00,yt-dlp public YouTube metadata extractor
yzAdZDK4XKA,general_english,Peking Opera,7,"China, Zaju, and Beijing Opera: Crash Course Theater #25","This week we're headed to China to learn about the ancient origins of theater there. We'll look at the early days of wizard theater (not a typo), the development of classical Chinese theater, and the evolution of Beijing Opera. 

Also, check out America from Scratch: https://www.youtube.com/americafromscratch

Crash Course is on Patreon! You can support us directly by signing up at http://www.patreon.com/crashcourse

Thanks to the following Patrons for their generous monthly contributions that help keep Crash Course free for everyone forever:

Mark Brouwer, Erika & Alexa Saur, Glenn Elliott, Justin Zingsheim, Jessica Wode, Eric Prestemon, Kathrin Benoit, Tom Trval, Jason Saslow, Nathan Taylor, Divonne Holmes à Court. Brian Thomas Gossett, Khaled El Shalakany, Indika Siriwardena, SR Foxley, Sam Ferguson, Yasenia Cruz, Eric Koslow, Caleb Weeks, Tim Curwick, D.A. Noe, Shawn Arnold, Ruth Perez, Malcolm Callis, Ken Penttinen, Advait Shinde, William McGraw, Andrei Krishkevich, Rachel Bright, Mayumi Maeda, Kathy & Tim Philip, Jirat, Eric Kitchen, Ian Dundore, Chris Peters
--

Want to find Crash Course elsewhere on the internet?
Facebook - http://www.facebook.com/YouTubeCrashCourse
Twitter - http://www.twitter.com/TheCrashCourse
Tumblr - http://thecrashcourse.tumblr.com 
Support Crash Course on Patreon: http://patreon.com/crashcourse

CC Kids: http://www.youtube.com/crashcoursekids",CrashCourse,UCX6b17PVsYBQ0ip5gyeme-Q,20180810,1533936828,703,184283,3479.0,115.0,https://www.youtube.com/watch?v=yzAdZDK4XKA,public,not_live,en,John Green|Hank Green|vlogbrothers|Crash Course|crashcourse|education|theater|theatre|China|Beijing|Yuan|Han|Dynasty|Sui|Song|Romance of the Three Kingdoms|emperor|Beijing Opera|Chinese|Mongols,Education,https://i.ytimg.com/vi/yzAdZDK4XKA/maxresdefault.jpg,2026-07-24T07:42:43+00:00,yt-dlp public YouTube metadata extractor
73_9UvNX920,general_english,Peking Opera,8,Peking Opera Performance Sample,"Performance of ""The Drunken Concubine"" by the Affiliated High School of Peking University Peking Opera Troupe 

2017-18 Peking University Spring Festival Gala

""Linda"" WANG Luoyun",Luoyun Wang,UCtoiap8Cijp4ykuDsI1ERwg,20181231,1546245474,184,324085,4587.0,704.0,https://www.youtube.com/watch?v=73_9UvNX920,public,not_live,en,Peking Opera|Chinese culture|Peking University|Spring Festival Gala,People & Blogs,https://i.ytimg.com/vi/73_9UvNX920/maxresdefault.jpg,2026-07-24T07:42:43+00:00,yt-dlp public YouTube metadata extractor
JKTeMtrK_lE,general_english,Peking Opera,9,Beijing Opera Tune (Jing Diao),"Provided to YouTube by The Orchard Enterprises

Beijing Opera Tune (Jing Diao) · Jiangsu Song and Dance Ensemble Folk Orchestra · Gu Guanren

Homebound (Gui)

℗ 2006 China Record Corporation

Released on: 1993-01-01

Screenplay  Author: Gu Guanren

Auto-generated by YouTube.",Jiangsu Song and Dance Ensemble Folk Orchestra - Topic,UC3K0GLSa_sveemHR8xx_nXg,20150221,1424530475,173,78317,1206.0,,https://www.youtube.com/watch?v=JKTeMtrK_lE,public,not_live,,Jiangsu Song and Dance Ensemble Folk Orchestra|Gu Guanren|Homebound (Gui)|Beijing Opera Tune (Jing Diao),Music,https://i.ytimg.com/vi/JKTeMtrK_lE/maxresdefault.jpg,2026-07-24T07:42:43+00:00,yt-dlp public YouTube metadata extractor
HAo8Eyia420,general_english,Peking Opera,10,Chinese - Beijing / Peking opera (京剧): Yandang Mountain (雁荡山) - complete,"The war between the rebellious peasants and the imperial army.
Meng Haigong (farmer general) – Xue Yongkang
He Tianlong (emperial general) – Lan Yumin
The plot of this play was made up, and there is neither song nor lyrics throughout. All is depicted by vivid movements, acrobatics and miming. The story is set in 589 AD. 
The name ""yandang"" comes from the lake of beautiful view on the top of the mountain, where the spreading reed, and the wild geese come and live here in autumn.
Peking Opera of Shanghai, director: Li Yuru, 1984.
PLAYLIST : Theatre and more:
https://www.youtube.com/playlist?list=PLA77B5E2507D2B7E0",betapicts,UC4Dt0gAkLdsAbTcRjq5zeNw,20180802,1533170194,1006,200541,2738.0,251.0,https://www.youtube.com/watch?v=HAo8Eyia420,public,not_live,,Peking opera|Beijing Opera|京剧|Yandang Mountain|雁荡山|Meng Haigong|He Tianlong|Peking Opera of Shanghai|1984|acrobatics|mime,Education,https://i.ytimg.com/vi/HAo8Eyia420/maxresdefault.jpg,2026-07-24T07:42:43+00:00,yt-dlp public YouTube metadata extractor
Yb01Qi5FbtE,general_english,Peking Opera,11,Peking Opera 《execute ChenShimei》 Tom and Jerry meme Provenance  Ching Chen Hanji  京剧《铡美案》,"During the Northern Song Dynasty, Chen Shimei entered the capital to take the exam, and was the number one champion, and was selected as emperor's son-in-law. His hometown has been drought year after year, his parents died, his wife Qin Xianglian and her children went to Beijing to find her husband, but broke into the palace and was expelled. Prime Minister Wang Yanling sympathized with her and tried to make Qin Xianglian play at the banquet dressed as a singer on Chen Shimei's birthday to help them reconcile, but failed. Wang Yanling sent Qin Xianglian a fan as a token and told her to go to Kaifeng Mansion to find Bao Zheng to sue (Bao Zheng was a famous, powerful and upright official in ancient China). Chen Shimei sent a private arm to Han Qi to hunt down. Han Qi let Qin Xianglian and her son go because he sympathized with them, but committed suicide because he failed to complete the task. Qin Xianglian fled and went to Bao Zheng's official office to accuse Chen Shimei of ""killing his wife and child."" Bao Zheng summoned Chen Shimei to Kaifeng Mansion to persuade them to reconcile, but Chen Shimei did not cooperate. Bao Zheng asked Qin Xianglian and Chen Shimei to confront each other. Chen Shimei relied on his noble status to argue with strong words; Bao Zheng was angry and prepared to execute Chen Shimei. The princess and queen mother rushed to stop the execution. In order to maintain the justice of the law, Bao Zheng continued to execute his sentence and executed Chen Shimei.
This video tells one of the stories above, what happened after Qin Xianglian arrived at Bao Zheng’s official office",Beijing Volunteer First Aider,UCUUyN3KoguVGbr0VO_lY3YA,20151122,1448196469,3197,314083,7007.0,871.0,https://www.youtube.com/watch?v=Yb01Qi5FbtE,public,not_live,,Peking Opera (Opera Genre)|铡美案|京剧|孟广禄|Chen Shimei,Autos & Vehicles,https://i.ytimg.com/vi/Yb01Qi5FbtE/maxresdefault.jpg,2026-07-24T07:42:43+00:00,yt-dlp public YouTube metadata extractor
zV_nAoSvzUU,general_english,Peking Opera,12,Mei Lanfang: How Peking Opera Shook The World | Century Masters,"Subscribe and click the bell icon to get more arts content every week:
youtube.com/c/PerspectiveArts

In China, the 20th Century was marked by dramatic social and political changes. It saw the end of the Qing Dynasty, the emergence of regional warlord governments, a Japanese military occupation, the Chinese Civil War and the founding of the People’s Republic of China. It was equally eventful in the fields of music, painting, drama and literature. Behind this transformation was a group of remarkable individuals, men who persevered despite national and personal tragedies. A new ten-part documentary series explores their contributions and legacies. 

Perspective is YouTube's home for the arts. Come here to get your fill of great music, theatre, art and much, much more!

From ""Century Masters""

Content licensed from Espresso to Little Dot Studios.

Any queries, please contact us at: 
perspective@littledotstudios.com

#PekinOpera #ChineseArts #ArtDocumentary",Perspective,UCN8V_pO0xOFKLL4XG1tshnw,20210303,1614798012,3023,69580,1775.0,70.0,https://www.youtube.com/watch?v=zV_nAoSvzUU,public,not_live,en,Asian Art Documentary|Asian Performance Art|Cheng Feng Poem|Chinese Artistry|Chinese Cultural Revolution Impact|Chinese Performance Art|Chinese Theater History|Chinese Theatrical Traditions|Evolution of Chinese Theater|Mei Lanfang Achievements|Mei Lanfang Contributions|Mei Lanfang Documentary|Mei Lanfang Film|Mei Lanfang Heritage|Mei Lanfang Legacy|Meihua Shan Characters|Peking Opera Culture|Peking Opera Culture Explained|Peking Opera Techniques,People & Blogs,https://i.ytimg.com/vi/zV_nAoSvzUU/maxresdefault.jpg,2026-07-24T07:42:43+00:00,yt-dlp public YouTube metadata extractor
1i05UY0Fcn0,general_english,Peking Opera,13,"Chinese Opera English Subtitles:《The Eight Immortals Cross the Sea》Peking Opera, 京剧: 八仙过海","Hi everyone!
Please excuse my amateur translation, feel free to make any corrections in the comments! Many expressions and phrases are untranslatable, I recommend looking at the original Chinese if you have the time: www.bilibili.com/video/BV15W411T7S7/?spm_id_from=333.337.search-card.all.click
I don't claim any credit of this work aside from the translations.

The Eight Immortals Cross the Sea is the most well-known story of the legendary Eight Immortals. It is a one-act martial opera that 

Cultural Note:

The Eight Immortals are a group of xian/仙 (immortals) representing longevity and prosperity originating from Daoist mythology. Each immortal has their own stories and legends associated with them. They were all once human but through cultivation they ascended into the heavens and attained immortal status. They live on a Mount Penglai (蓬莱仙山), a mystical mountain in the Bohai Sea. Each immortal has a fabao/法宝 (Divine Treasure) which they can channel their powers through. The Eight Immortals are:

Iron-Crutch Li 铁拐李
Iron-Crutch Li or Li Tieguai is often portrayed as a crippled beggar. He has an iron crutch and carries on his back a gourd full of medicine that can heal the sick.

Han Zhongli 汉钟离
Han Zhongli also known as Zhongli of Han or Zhongli Quan was a Han Dynasty general before ascension. His banana leaf fan can perform miracles and disasters with a single bat.

Zhang Guolao 张果老
Zhang Guo, better known as Zhang guolao/Elder Zhang Guo was a Taoist master as a human, proficient in the Taoist arts. He rides his donkey backwards and holds a fish drum.

Lü Dongbin 吕洞宾
Seen as the leader of the group, Lü Dongbin was a legendary scholar. He was also a poet. He carries a sword and loves alcohol.

He Xiangu 何仙姑
He Xiangu or Celestial Maiden He is the only female immortal of the group. As a human, could see visions of good and bad omens, even catching the attention of Emperors. She carries a lotus flower which can heal, awaken and aid in cultivation.

Lan Caihe 蓝采和
Sometimes depicted as a man, woman or something in-between, Lan Caihe was a beggar and street performer. He carries a magical flower basket.


Han Xiangzi 韩湘子
Han Xiangzi, a musician, composer and poet descended from famous Tang dynasty scholar Han Yu. He has a magical jade flute.

Cao Guojiu 曹国舅
Cao Guojiu or Imperial Brother-in-law Cao is often depicted wearing official's robes. He was a high ranking position in the imperial court. He carries his clappers and jade tablet.


I hope you enjoy~


Translator's Notes:

3:22 The Banquet of Immortal Peaches is a feast hosted by the Queen Mother of the West on her birthday. Gods and Immortals feast on the peaches of immortality that grow in the Queen Mother's palace garden.

4:10 The Queen Mother of the West (西王母/Xi Wangmu) is an ancient deity associated with death and immortality among many things. She is also the Jade Emperor's wife.

6:00 The Lingzhi is a type of mushroom seen as associated with the spiritual and divine.

9:16 This is referring to the story of Lü Dongbin got drunk (surprise, surprise) three times at Yueyang Tower. There's more to the story which you can try find online.

24:30 A classification of Taoist immortals–upper cave, middle cave and lower cave. Many famous historical and legendary cultivators were thought to attain ascension whilst cultivating in a cave, so maybe that's where this term comes from.

26:10 The Barefoot Immortal is a Daoist deity.

26:42 Reference to the famous Chinese love story of the Cowherd and the Weaver Girl.


#chineseopera #beijingopera #pekingopera #englishsubs #engsub #京剧 #戏曲 #八仙过海",Clover,UCW5ObKdSnhrbYESlkSMGGfQ,20250202,1738530564,3300,2221,65.0,4.0,https://www.youtube.com/watch?v=1i05UY0Fcn0,public,not_live,,chinese opera|#chineseopera|Chinese opera|chineseopera|engsub|eng sub|english subtitle|八仙过海|戏曲|京剧,Entertainment,https://i.ytimg.com/vi/1i05UY0Fcn0/maxresdefault.jpg,2026-07-24T07:42:43+00:00,yt-dlp public YouTube metadata extractor
Qyeg1bWkYEg,general_english,Peking Opera,14,Peking Opera “Mu Guiying Takes Command” | CCTV English,"【Subscribe to CCTV English YouTube Channel】: http://goo.gl/CpzC0H 

More CCTV Shows in HD

Chinese Arts and Crafts:https://goo.gl/Mc3VoM 
Tibet Short Documentaries:https://goo.gl/V2LYmn 
My Life My China:https://goo.gl/iHoHk7 
Meet the Diplomats:https://goo.gl/JpbwuZ 
Looking China:https://goo.gl/Cc8EHw 
The Forbidden City 100:https://goo.gl/5KNwQz 
Spectrum Asia:https://goo.gl/Cmh6dA 
Closer to China with R.L Kuhn:https://goo.gl/vJUl3S 
Travelogue:https://goo.gl/WqoDcw 
My China:https://goo.gl/5YrQe2 
Crossover:https://goo.gl/R1I0Td 
Dialogue:https://goo.gl/FUYheE 
The Heat:https://goo.gl/ApY141 
Full Frame:https://goo.gl/9KNIzU 
CCTV News by CCTV America:https://goo.gl/OdSvau 
The Great Challenge:https://goo.gl/sKqqoT 

【Subscribe to CCTV English YouTube Channel】:http://goo.gl/CpzC0H 

Follow and Like us on 

Facebook:https://www.facebook.com/cctvcom 
Twitter:https://twitter.com/CCTV 
Instagram:http://instagram.com/cctv 

Subscribe to more official YouTube channels

CCTV Gala:http://goo.gl/A9V00o 
CCTV 4:http://goo.gl/HcZaeZ 
CCTV:https://goo.gl/gYT8W8 
iPanda:http://goo.gl/jHLOia",Hi China,UCT8RMFbTJV5ILaVykrluOQg,20180207,1517996814,67,67896,952.0,,https://www.youtube.com/watch?v=Qyeg1bWkYEg,public,not_live,,China|Chinese|CCTV|Chinese people|Chinese show|culture|best video|music|classical music|opera|Chinese music|orchestra|concert|arts|国家大剧院,Music,https://i.ytimg.com/vi/Qyeg1bWkYEg/maxresdefault.jpg,2026-07-24T07:42:43+00:00,yt-dlp public YouTube metadata extractor
ka5z3uYctug,general_english,Peking Opera,15,What Is Peking Opera?,"Many of us have seen the bright masks and heard the music, but what is Peking opera? How did the performance art start? What do the costumes mean? What does it take to become a Peking opera star? Watch our video to find out!",China Matters,UCFjgwGAVYtThJdn2i8F8AWw,20151204,1449227737,203,237153,2401.0,71.0,https://www.youtube.com/watch?v=ka5z3uYctug,public,not_live,en,Peking Opera (Opera Genre)|china matters|What Is Peking Opera|Peking Opera|Beijing Opera|Peking Opera History|Peking Opera Costumes|China|Peking Opera Professional|chinese opera|chinese peking opera|opera beijing|chinese opera costumes|chinese opera masks|opera peking,Entertainment,https://i.ytimg.com/vi/ka5z3uYctug/maxresdefault.jpg,2026-07-24T07:42:43+00:00,yt-dlp public YouTube metadata extractor
YLOHslHNfj8,general_english,Peking Opera,16,Peking Opera |CCTV English,"The Peking Opera mix brought together familiar opera excerpts, which were performed by famous artists in China. After the Jilin Singing & Dancing Troupe opening the program with a wonderful performance, the Peking Opera artists brought ""Mu Guiying Takes Command,"" ""The Jewelry Purse,"" ""Hongniang,"" ""Yang's Heroine"" and others, which were inspired by ancient Chinese stories and characters. 

The 2021 Lantern Festival Gala kicked off at 8:16 p.m. Friday to mark the end of the 15-day Spring Festival, bringing an immersive festive experience for the audience onsite and behind the screens.",Hi China,UCT8RMFbTJV5ILaVykrluOQg,20210303,1614747605,492,165010,3715.0,,https://www.youtube.com/watch?v=YLOHslHNfj8,public,not_live,en,CCTV|Lantern Festival Gala|China,Entertainment,https://i.ytimg.com/vi/YLOHslHNfj8/maxresdefault.jpg,2026-07-24T07:42:43+00:00,yt-dlp public YouTube metadata extractor
hkEK-KFIUl4,general_english,Peking Opera,17,【京剧】苏三起解（女起解） Peking Opera -- Susan left Hongtong county,"京剧苏三起解 -  古典美女 
Peking Opera -- Susan left Hongtong county -- Chinese Beauty

【中文】苏三离了洪桐县，将身来在大街前。 
未曾开言我心内惨，过往地君子听我言。 
哪一位去往南京转，与我那三郎把信传。 
就说苏三把命断，来生变犬马我当报还。
【ENGLISH】Susan left Hongtong county.
She is coming to the street,  miserable inside before she speaks !
"" Listen to me，gentlemen! 
He who is going to Nanking please give my lover this message 
that susan is dead, in the next life she will repay his kindness.""
【日本語】苏の三は洪桐の県を离れて、身は大通りの前で来ます。 
口を开いていない私の心はとても痛ましくて、つきあいは君子は私を闻いて言います。
 どちらは行って南京へ回転して、私とあの三の男は伝わることを信じることを。 
たとえ江苏の三つの运命ですとしても切れて、変事が起こる犬马は私はまた申し込みにきます!",飛鳥昭羽,UCK9GvNSA5LZ1UrB-wqPWXLw,20090902,1251869546,65,401856,1844.0,174.0,https://www.youtube.com/watch?v=hkEK-KFIUl4,public,not_live,th,京剧|苏三起解|peking|opera|Susan,Music,https://i.ytimg.com/vi/hkEK-KFIUl4/hqdefault.jpg?sqp=-oaymwEmCOADEOgC8quKqQMa8AEB-AG-AoAChgKKAgwIABABGE0gVihlMA8=&rs=AOn4CLA6nALvbIlHZaRIxzGjCmtkjORQJw,2026-07-24T07:42:43+00:00,yt-dlp public YouTube metadata extractor
76Ojw_xVRLw,general_english,Peking Opera,18,Spring Festival Gala 2019: Chinese traditional operas,"Traditional operas, such as the Peking Opera, Huangmei Opera and Shaoxing Opera, are always indispensable part of the Spring Festival Gala. This year’s Spring Festival Gala began broadcasting live at 8:00 p.m. from China Media Group’s headquarters in Beijing.

Subscribe to us on YouTube: https://goo.gl/lP12gA

Download our APP on Apple Store (iOS): https://itunes.apple.com/us/app/cctvnews-app/id922456579?l=zh&ls=1&mt=8

Download our APP on Google Play (Android): https://play.google.com/store/apps/details?id=com.imib.cctv

Follow us on:

Website: https://www.cgtn.com/
Facebook: https://www.facebook.com/ChinaGlobalTVNetwork/
Instagram: https://www.instagram.com/cgtn/?hl=zh-cn
Twitter: https://twitter.com/CGTNOfficial
Pinterest: https://www.pinterest.com/CGTNOfficial/
Tumblr: http://cctvnews.tumblr.com/
Weibo: http://weibo.com/cctvnewsbeijing
Tiktok: https://m.tiktok.com/h5/share/usr/6593878228716666886.html?u_code=d1kab7mki4ai6e&utm_campaign=client_share&app=musically&utm_medium=ios&user_id=6593878228716666886&tt_from=copy&utm_source=copy
Douyin: https://www.youtube.com/redirect?q=http%3A%2F%2Fv.douyin.com%2F8QTXhV%2F&redir_token=WkBScl40kZbx7ZwJ9M7QhhTjErx8MTU0NTcyMTg3N0AxNTQ1NjM1NDc3&event=channel_description",CGTN,UCgrNz-aDmcr2uuto8_DL2jg,20190204,1549290579,471,536625,9450.0,512.0,https://www.youtube.com/watch?v=76Ojw_xVRLw,public,not_live,,CCTV|CGTN|CCTVNews|News|ChinaNews|WorldNews|Politics|PekingOpera,News & Politics,https://i.ytimg.com/vi/76Ojw_xVRLw/maxresdefault.jpg,2026-07-24T07:42:43+00:00,yt-dlp public YouTube metadata extractor
lcIHJzqE96A,general_english,Peking Opera,19,Peking Opera fight scene - The Monkey King,GO TO http://wushusport.tv FOR ALL WUSHU NEWS AND VIDEOS,Wushu Sport,UCZTwsVEcH0JpEs3MTc3FwkQ,20130527,1369677581,75,56469,633.0,32.0,https://www.youtube.com/watch?v=lcIHJzqE96A,public,not_live,,Monkey|Peking Opera (Opera Genre)|Stage Combat (Profession)|The Monkey King (Film)|wushu|fight scene|Scene|China|acrobatics|chinese opera,Entertainment,https://i.ytimg.com/vi/lcIHJzqE96A/maxresdefault.jpg,2026-07-24T07:42:43+00:00,yt-dlp public YouTube metadata extractor
oFvt4TtE95E,general_english,Peking Opera,20,【A Honey Trap】Classical Peking Opera Celebrates Chinese New Year,"Zhaoyun kills Zhouyu with the Taihou sword on the order of SunShangxiang. What an excellent show! The online broadcasting of the classic show of China National Peking Opera Company is begin.There are more different views of this show on ""Migu C"" to help you enjoy it better. Let's feel the quintessence of Chinese culture feast and enjoy the lively Spring Festival！",Nihao Peking Opera,UChd2LN1auV4Hk2AW9nkaxiQ,20230118,1674033189,213,6542,57.0,1.0,https://www.youtube.com/watch?v=oFvt4TtE95E,public,not_live,,A Honey Tra|Chines|Peking Opera,Film & Animation,https://i.ytimg.com/vi/oFvt4TtE95E/maxresdefault.jpg,2026-07-24T07:42:43+00:00,yt-dlp public YouTube metadata extractor
TDD3AnPmU7o,general_alternative,Beijing Opera,1,Enjoying the classic Peking Opera 'Drunken Concubine' at Mid Autumn Festival,"The Mid-Autumn Festival falls on October 1 this year, marking one of the most important and poetic Chinese festivals. People across the country reunite with family and friends, and enjoy the charm of moon together. 

Some people will choose to watch Peking Opera during the festivities, classic opera ""Drunken Concubine"" is one of the most widely circulated ones. It is also a must-see Chinese opera for die-hard opera fans around the world.

For  more:
https://www.cgtn.com/video

Subscribe to us on YouTube: https://goo.gl/lP12gA
Download our APP on Apple Store (iOS): https://itunes.apple.com/us/app/cctvnews-app/id922456579?l=zh&ls=1&mt=8
Download our APP on Google Play (Android): https://play.google.com/store/apps/details?id=com.imib.cctv",CGTN,UCgrNz-aDmcr2uuto8_DL2jg,20201002,1601641267,158,1779286,48835.0,2400.0,https://www.youtube.com/watch?v=TDD3AnPmU7o,public,not_live,,CGTN|News|pekingopera|beijing|china|performance|opera,News & Politics,https://i.ytimg.com/vi/TDD3AnPmU7o/maxresdefault.jpg,2026-07-24T07:42:43+00:00,yt-dlp public YouTube metadata extractor
KEdG8FFTx_k,general_alternative,Beijing Opera,2,"Excerpt from Peking Opera ""Ode to the Pear Blossom""","""Pear blossoms bloom, spring brings rain, pear blossoms fall, spring falls into mud""
Ode to the pear blossoms,tells the love story between emperor Li of tang Dynasty and his consort Yang. Expressing the emperor's ardent love to his consort, still enviable even today.",Visit Yunnan,UCRtMyJ_il-t9iU6TKtIu9oA,20240118,1705572020,290,7510,229.0,5.0,https://www.youtube.com/watch?v=KEdG8FFTx_k,public,not_live,,,Travel & Events,https://i.ytimg.com/vi/KEdG8FFTx_k/maxresdefault.jpg,2026-07-24T07:42:43+00:00,yt-dlp public YouTube metadata extractor
CfnGuqBsXjA,general_alternative,Beijing Opera,3,"Peking Opera:《The Drunken Concubine》京剧: 贵妃醉酒, [Chinese Opera English Subtitles]","Hi everyone!
Please excuse my amateur translation, feel free to make any corrections in the comments! Many expressions and phrases are untranslatable, I recommend looking at the original Chinese if you have the time: www.bilibili.com/video/BV1HG4y1Z7A6/?spm_id_from=333.337.search-card.all.click
I don't claim any credit of this work aside from the translations.

The most well-known work of the famous opera master Mei Lanfang, The Drunken Concubine is more of a one-person performance than an opera that follows a long plot. It is a one-act opera that explores themes of the fragility of life, power and sorrow, and requires high skill from the performer. 

This opera is about Concubine Yang, a real person who was one of the Four Ancient Beauties of China. en.wikipedia.org/wiki/Four_Beauties

I hope you enjoy~


Cultural notes:

Chang'e is the chinese goddess of the moon who is accompanies by the jade rabbit. They live in the Guanghan palace on the moon.

#chineseopera #pekingopera #englishsubs #engsub #drunkenconcubine #meilanfang #京剧 #戏曲 #梅兰芳 #贵妃醉酒",Clover,UCW5ObKdSnhrbYESlkSMGGfQ,20240704,1720085728,4541,53044,1710.0,72.0,https://www.youtube.com/watch?v=CfnGuqBsXjA,public,not_live,,chineseopera|pekingopera|#chineseopera|#pekingopera|chinese opera|peking opera|engsub|eng sub|京剧|戏曲|贵妃醉酒|The Drunken Concubine,Entertainment,https://i.ytimg.com/vi/CfnGuqBsXjA/sddefault.jpg,2026-07-24T07:42:43+00:00,yt-dlp public YouTube metadata extractor
Kqim7q05ZdI,general_alternative,Beijing Opera,4,京剧《白蛇传》梅兰芳京剧团-水斗 [Lady White Snake] Beijing Opera in Vancouver 2017,"京剧《白蛇传》北京梅兰芳京剧团-水斗武戏 。'Legend of Lady White Snake - Water Fight' Mei Lanfang Beijing Opera Troupe 北京梅兰芳京剧团加拿大温哥华 Vancouver 2017上演传统大戏 开启“一带一路” 京剧之旅。《白蛇传》李宏图扮演许仙、郭玮扮演白素贞、陈宇扮演小青、韩胜存扮演法海。

北京京剧院梅兰芳京剧团，是中国唯一以艺术家个人名字命名的国家级表演艺术团体，创建于20世纪20年代。京剧艺术大师梅兰芳先生代表作有《貴妃醉酒》《太真外傳》《穆桂英掛帥》《宇宙锋》等。

本次出访同行也有朱强、陈俊杰、郭伟、黄彦忠、窦晓璇、黄柏雪、周恩旭、曹阳阳、张青松、王岳凌、王雪清等。其他场景包括游湖、结亲、说许、酒变、盗草、水斗、观潮、索夫、逃山。北京京剧院派出70人强大的演出阵容，包括多位国家一级演员经常在CCTV-11戏曲频道《CCTV空中剧院》中演出。

除《白蛇传》之外，其他日期和场地的表演包括《霸王别姬》Farewell My Concubine、《秋江》、《大闹天宫》Havoc in Heaven、《吕布与貂婵》Lu Bu and Diao Chan、《赵氏孤儿》、《三岔口》San Cha Kou、《小宴》，于2017年12月22日-28日分别在温哥华女王剧院 、莫尔森加拿大剧院、拜尔剧场举行5场演出；于2018年1月3日在Royal 维多利亚皇家剧院进行1场演出。希望加拿大观众能体现京剧艺术的魅力，从而更好地推广中国传统文化。

The Mei Lanfang Beijing Opera Troupe came to Vancouver for a Canadian tour at the Queen Elizabeth Theatre on December 22 and 23 for two evening performances of 'The Legend of Lady White Snake'. Featured in this video is 'Broken Bridge'. There is also be a 2PM matinee show of selected scenes from Beijing operas such as 'Farewell My Concubine', 'Havoc in Heaven' from the Money King etc. on December 23 at the Queen Elizabeth Theatre.

此次出演由梅兰芳京剧团团长李宏图带队，他是著名京剧叶派小生，国家一级演员，梅花奖获得者，文化部优秀专家，亚洲最杰出艺人终身成就奖获得者。艺术总监叶少兰先生，系著名“叶派”京剧表演艺术家，首届梅花奖获得者；1986年被美国授予富布赖特国际学者；1999年6月获美国美华艺术中心授予的终生成就奖。著名京剧表演艺术家叶少兰说：“中国的京剧艺术在世界戏剧舞台中具有独特地位和无可比拟的文化价值，要在不断发展的过程中坚守民族文化特色。此次出演将让海外观众能够更深入、更全面的了解京剧文化。”

京剧这一“人类非物质文化遗产”，被称为中国的国粹和东方艺术的瑰宝。今年恰逢加拿大建国150周年，北京京剧院与中意博联（北京）国际文化传播有限公司、天涯星灿文化发展中心合作，是“一带一路，京剧之旅”五年计划的一个美好开始。以传播中国优秀传统艺术来实现文明交流、文明互鉴、文明共存的理想。

京剧传统名剧《白蛇传》人蛇相恋的千古奇谈，追寻真爱的动人传说。修行千年的蛇精白素贞，下凡与青年许仙相恋成婚。在高僧法海的阻扰下，白素贞始终不渝，坚守和许仙的爱情，最终修得善果。

Video by Ray Van Eng
++++++++++++++++++++++
Ray Van Eng 雷云影 is an accomplished media professional, award-winning screenwriter and movie producer. His work has been part of the Hava Nagila Exhibit at the Museum of Jewish Heritage – A Living Memorial to the Holocaust in Manhattan in New York, NY from Sep 2012 to May 2013.
++++++++++++++++++++++++++++++++++++++",Ray Van Eng,UColb5CMwImOKj4-Dm0MJfhA,20171224,1514093533,712,218634,2864.0,74.0,https://www.youtube.com/watch?v=Kqim7q05ZdI,public,not_live,,《白蛇传》|梅兰芳京剧团|水斗|Legend of Lady White Snake|李宏图|郭玮|陈宇|韩胜存|白素贞|许仙|温哥华|加拿大|《霸王别姬》|京剧|武戏|CCTV空中剧院|CCTV-11戏曲频道|北京|梅兰芳|Mei Lanfang Beijing Opera Troupe|《貴妃醉酒》|太真外傳|穆桂英掛帥|宇宙锋,Entertainment,https://i.ytimg.com/vi/Kqim7q05ZdI/maxresdefault.jpg,2026-07-24T07:42:43+00:00,yt-dlp public YouTube metadata extractor
JKTeMtrK_lE,general_alternative,Beijing Opera,5,Beijing Opera Tune (Jing Diao),"Provided to YouTube by The Orchard Enterprises

Beijing Opera Tune (Jing Diao) · Jiangsu Song and Dance Ensemble Folk Orchestra · Gu Guanren

Homebound (Gui)

℗ 2006 China Record Corporation

Released on: 1993-01-01

Screenplay  Author: Gu Guanren

Auto-generated by YouTube.",Jiangsu Song and Dance Ensemble Folk Orchestra - Topic,UC3K0GLSa_sveemHR8xx_nXg,20150221,1424530475,173,78317,1206.0,,https://www.youtube.com/watch?v=JKTeMtrK_lE,public,not_live,,Jiangsu Song and Dance Ensemble Folk Orchestra|Gu Guanren|Homebound (Gui)|Beijing Opera Tune (Jing Diao),Music,https://i.ytimg.com/vi/JKTeMtrK_lE/maxresdefault.jpg,2026-07-24T07:42:43+00:00,yt-dlp public YouTube metadata extractor
H8Gj6u1XzdA,general_alternative,Beijing Opera,6,"Excerpt of Chen Shimei Executione Case, Borrowing the Fan",presented by China National Peking Opera Company,Nihao Peking Opera,UChd2LN1auV4Hk2AW9nkaxiQ,20211126,1637899204,201,81392,2425.0,168.0,https://www.youtube.com/watch?v=H8Gj6u1XzdA,public,not_live,en,,Entertainment,https://i.ytimg.com/vi/H8Gj6u1XzdA/maxresdefault.jpg,2026-07-24T07:42:43+00:00,yt-dlp public YouTube metadata extractor
HAo8Eyia420,general_alternative,Beijing Opera,7,Chinese - Beijing / Peking opera (京剧): Yandang Mountain (雁荡山) - complete,"The war between the rebellious peasants and the imperial army.
Meng Haigong (farmer general) – Xue Yongkang
He Tianlong (emperial general) – Lan Yumin
The plot of this play was made up, and there is neither song nor lyrics throughout. All is depicted by vivid movements, acrobatics and miming. The story is set in 589 AD. 
The name ""yandang"" comes from the lake of beautiful view on the top of the mountain, where the spreading reed, and the wild geese come and live here in autumn.
Peking Opera of Shanghai, director: Li Yuru, 1984.
PLAYLIST : Theatre and more:
https://www.youtube.com/playlist?list=PLA77B5E2507D2B7E0",betapicts,UC4Dt0gAkLdsAbTcRjq5zeNw,20180802,1533170194,1006,200541,2738.0,251.0,https://www.youtube.com/watch?v=HAo8Eyia420,public,not_live,,Peking opera|Beijing Opera|京剧|Yandang Mountain|雁荡山|Meng Haigong|He Tianlong|Peking Opera of Shanghai|1984|acrobatics|mime,Education,https://i.ytimg.com/vi/HAo8Eyia420/maxresdefault.jpg,2026-07-24T07:42:43+00:00,yt-dlp public YouTube metadata extractor
EnB0Tq6_ELQ,general_alternative,Beijing Opera,8,The Journey of Peking Opera,"The development of Peking Opera epitomizes the evolution of traditional Chinese art forms.

Based on periods of Chinese history and Chinese literature, Peking opera can give an immersive education in Chinese culture.

Over the past seven decades, the art form has evolved from entertainment for Chinese people to a cultural ambassador that has introduced the country's traditions to a global audience.

Retrace Peking opera's journey over the past seven decades with performer Hua Dan and her partner Wu Sheng.

Follow us: 
Youtube: https://www.youtube.com/ChinaCultureOrg
Facebook: https://www.facebook.com/chinacultureorg 
Twitter: https://twitter.com/Chinacultureorg
Instagram:  https://www.instagram.com/china_culture
http://en.chinaculture.org",China Culture,UCleeqn61KSWipVWWu9kJfGQ,20190927,1569568129,197,14586,100.0,3.0,https://www.youtube.com/watch?v=EnB0Tq6_ELQ,public,not_live,en,Peking Opera|Chinese culture|China Culture,News & Politics,https://i.ytimg.com/vi/EnB0Tq6_ELQ/maxresdefault.jpg,2026-07-24T07:42:43+00:00,yt-dlp public YouTube metadata extractor
rtNwCX_MNtA,general_alternative,Beijing Opera,9,京剧《闹天宫》北京梅兰芳京剧团[Monkey King Havoc in Heaven] Mei Lanfang Opera Troupe 2017,"京剧《闹天宫》Havoc in Heaven (The Monkey King) 北京梅兰芳京剧团Mei Lanfang Beijing Opera Troupe in Vancouver Canada in December 2017加拿大温哥华上演传统大戏 开启“一带一路” 京剧之旅。《闹天宫》张青松扮演孙悟空。北京京剧院梅兰芳京剧团，是中国唯一以艺术家个人名字命名的国家级表演艺术团体，创建于20世纪20年代。京剧艺术大师梅兰芳先生代表作有《貴妃醉酒》《太真外傳》《穆桂英掛帥》《宇宙锋》等。

以西游记中孙悟空美猴王大闹天宫这一段的经历为主要内容。孙悟空是小說《西游记》中主要角色之一。又名孙行者，自封花果山美猴王、齐天大圣。

除《大闹天宫》之外，其他日期和场地的表演包括《白蛇传》Legend of Lady White Snake、《霸王别姬》Farewell My Concubine、《吕布与貂婵》Lu Bu and Diao Chan、《秋江》The Autumn River、《赵氏孤儿》Orphan of Zhao、《三岔口》San Cha Kou、《小宴》The Banquet。本次出访，北京京剧院派出70人强大的演出阵容，包括多位国家一级演员经常在CCTV-11戏曲频道《CCTV空中剧院》中演出。于2017年12月22日-28日分别在温哥华女王剧院 、莫尔森加拿大剧院、拜尔剧场举行5场演出；于2018年1月3日在Royal 维多利亚皇家剧院进行1场演出。希望加拿大观众能体现京剧艺术的魅力，从而更好地推广中国传统文化。

此次出演由梅兰芳京剧团团长李宏图带队，他是著名京剧叶派小生，国家一级演员，梅花奖获得者，文化部优秀专家，亚洲最杰出艺人终身成就奖获得者。艺术总监叶少兰先生，系著名“叶派”京剧表演艺术家，首届梅花奖获得者；1986年被美国授予富布赖特国际学者；1999年6月获美国美华艺术中心授予的终生成就奖。著名京剧表演艺术家叶少兰说：“中国的京剧艺术在世界戏剧舞台中具有独特地位和无可比拟的文化价值，要在不断发展的过程中坚守民族文化特色。此次出演将让海外观众能够更深入、更全面的了解京剧文化。”

京剧这一“人类非物质文化遗产”，被称为中国的国粹和东方艺术的瑰宝。今年恰逢加拿大建国150周年，北京京剧院与中意博联（北京）国际文化传播有限公司、天涯星灿文化发展中心合作，是“一带一路，京剧之旅”五年计划的一个美好开始。以传播中国优秀传统艺术来实现文明交流、文明互鉴、文明共存的理想。

The Mei Lanfang Beijing Opera Troupe came to Vancouver for a Canadian tour at the Queen Elizabeth Theatre on December 22 and 23 for two evening performances of 'The Legend of Lady White Snake'. There is also be a 2PM matinee show of selected scenes from Beijing operas such as 'Farewell My Concubine', 'Havoc in Heaven' from the Money King etc. on December 23 at the Queen Elizabeth Theatre.

Video by Ray Van Eng
++++++++++++++++++++++
Ray Van Eng 雷云影 is an accomplished media professional, award-winning screenwriter and movie producer. His work has been part of the Hava Nagila Exhibit at the Museum of Jewish Heritage – A Living Memorial to the Holocaust in Manhattan in New York, NY from Sep 2012 to May 2013.
+++++++++++++++++++++++++++++++++",Ray Van Eng,UColb5CMwImOKj4-Dm0MJfhA,20171225,1514241335,3662,61148,890.0,24.0,https://www.youtube.com/watch?v=rtNwCX_MNtA,public,not_live,,《闹天宫》|京剧|Havoc in Heaven|The Monkey King|北京梅兰芳京剧团|Beijing|Mei Lanfang Beijing Opera Troupe|孙悟空|齐天大圣|美猴王|温哥华|2017|张青松|西游记|Vancouver|Canada|CCTV-11戏曲频道|CCTV空中剧院|霸王别姬|Farewell My Concubine|《貴妃醉酒》|《太真外傳》|梅兰芳|《穆桂英掛帥》|《宇宙锋》,Entertainment,https://i.ytimg.com/vi/rtNwCX_MNtA/maxresdefault.jpg,2026-07-24T07:42:43+00:00,yt-dlp public YouTube metadata extractor
o9gqpsJwO44,general_alternative,Beijing Opera,10,Peking Opera challenge: Learning acrobatic fighting from Monkey King,How long does it take for a newbie to learn Monkey King's signature move? How many efforts from actors and staff members are put into a single act? Follow CGTN's Wang Yuqing for a special acrobatic fighting lesson at the National Peking Opera Company. #NihaoPekingOpera,Chinese Opera Unmasked,UCviqjOZN3ZvDEmZfHuUKCIQ,20210423,1619184586,187,3648,,,https://www.youtube.com/watch?v=o9gqpsJwO44,public,not_live,en,,News & Politics,https://i.ytimg.com/vi/o9gqpsJwO44/maxresdefault.jpg,2026-07-24T07:42:43+00:00,yt-dlp public YouTube metadata extractor
yzAdZDK4XKA,general_alternative,Beijing Opera,11,"China, Zaju, and Beijing Opera: Crash Course Theater #25","This week we're headed to China to learn about the ancient origins of theater there. We'll look at the early days of wizard theater (not a typo), the development of classical Chinese theater, and the evolution of Beijing Opera. 

Also, check out America from Scratch: https://www.youtube.com/americafromscratch

Crash Course is on Patreon! You can support us directly by signing up at http://www.patreon.com/crashcourse

Thanks to the following Patrons for their generous monthly contributions that help keep Crash Course free for everyone forever:

Mark Brouwer, Erika & Alexa Saur, Glenn Elliott, Justin Zingsheim, Jessica Wode, Eric Prestemon, Kathrin Benoit, Tom Trval, Jason Saslow, Nathan Taylor, Divonne Holmes à Court. Brian Thomas Gossett, Khaled El Shalakany, Indika Siriwardena, SR Foxley, Sam Ferguson, Yasenia Cruz, Eric Koslow, Caleb Weeks, Tim Curwick, D.A. Noe, Shawn Arnold, Ruth Perez, Malcolm Callis, Ken Penttinen, Advait Shinde, William McGraw, Andrei Krishkevich, Rachel Bright, Mayumi Maeda, Kathy & Tim Philip, Jirat, Eric Kitchen, Ian Dundore, Chris Peters
--

Want to find Crash Course elsewhere on the internet?
Facebook - http://www.facebook.com/YouTubeCrashCourse
Twitter - http://www.twitter.com/TheCrashCourse
Tumblr - http://thecrashcourse.tumblr.com 
Support Crash Course on Patreon: http://patreon.com/crashcourse

CC Kids: http://www.youtube.com/crashcoursekids",CrashCourse,UCX6b17PVsYBQ0ip5gyeme-Q,20180810,1533936828,703,184283,3479.0,115.0,https://www.youtube.com/watch?v=yzAdZDK4XKA,public,not_live,en,John Green|Hank Green|vlogbrothers|Crash Course|crashcourse|education|theater|theatre|China|Beijing|Yuan|Han|Dynasty|Sui|Song|Romance of the Three Kingdoms|emperor|Beijing Opera|Chinese|Mongols,Education,https://i.ytimg.com/vi/yzAdZDK4XKA/maxresdefault.jpg,2026-07-24T07:42:43+00:00,yt-dlp public YouTube metadata extractor
6NrsmzdMzTs,general_alternative,Beijing Opera,12,京剧 (Peking Opera) 京津沪京剧名家演唱会(全),Chinese Peking Opera: 京津沪京剧名家演唱会，北京海淀剧院，2004年1月10日.,Y. Yu (江南雅韵),UCxDm1g_t-QNPdkN5tHeZyug,20180118,1516287709,8703,136168,637.0,91.0,https://www.youtube.com/watch?v=6NrsmzdMzTs,public,not_live,,京剧|Peking Opera|京津沪京剧名家演唱会,Entertainment,https://i.ytimg.com/vi/6NrsmzdMzTs/sddefault.jpg,2026-07-24T07:42:43+00:00,yt-dlp public YouTube metadata extractor
EmHYhDXz-Zs,general_alternative,Beijing Opera,13,京劇【鍘美案】包公 唱段,【鍘美案】包公 唱段,richard1298,UCNM4CycWeYgWQWBYCoCfSdg,20090101,1230768537,90,4598599,173344.0,9400.0,https://www.youtube.com/watch?v=EmHYhDXz-Zs,public,not_live,,京劇【鍘美案】包公|唱段,Music,https://i.ytimg.com/vi/EmHYhDXz-Zs/hqdefault.jpg?sqp=-oaymwEmCOADEOgC8quKqQMa8AEB-AG-AoAC8AGKAgwIABABGEcgZShlMA8=&rs=AOn4CLB2rYNhJfvX9CjeIxxFW_Msg7nNZw,2026-07-24T07:42:43+00:00,yt-dlp public YouTube metadata extractor
wzBDB-u1pRg,general_alternative,Beijing Opera,14,群英聚会！《同光十三绝》从画中“走出来了”【2014年央视春晚】｜CCTV春晚,"京剧《同光十三绝》 表演：国家京剧院一团

提起京剧的艺术家，必然要提到“同光十三绝”。因为这十三绝是徽班进京后由演唱徽调、昆腔衍变为京剧的十三位奠基人，又都是技艺非凡的表演艺术家。

【订阅CCTV春晚官方频道】 https://bit.ly/44jKJhR
《中央广播电视总台2014年春节联欢晚会》：https://www.youtube.com/watch?v=7pKHsPcQot4&list=PLXQgvG0bchMPGo6HuhEkBk2mlnoMbkbaY&index=1
《春节联欢晚会【戏曲/曲艺类】节目合辑》：https://www.youtube.com/watch?v=wzBDB-u1pRg&list=PLXQgvG0bchMOXPy_w0DeW-2z6ZElWnNzS&index=1

■□Watch More■□
央视春节联欢晚会回顾：
《中央广播电视总台2019年春节联欢晚会》：https://www.youtube.com/watch?v=gbWKpqfD4-0&list=PLXQgvG0bchMP5_RTFeg_-UxqAAc83XYD3&index=1
《中央广播电视总台2018年春节联欢晚会》：https://www.youtube.com/watch?v=Q0qD-EGNncs&list=PLXQgvG0bchMMxRhDPdX0uxnJc_CO-vTzR&index=1
《中央广播电视总台2017年春节联欢晚会》：https://www.youtube.com/watch?v=7424JE1E6Yw&list=PLXQgvG0bchMNnVgrpEeMIGYaPj5uwg1XH&index=1
《中央广播电视总台2016年春节联欢晚会》：https://www.youtube.com/watch?v=Xn02Kie0J6o&list=PLXQgvG0bchMNU9yzKDq6WBM05WMcCWgPU&index=1
《中央广播电视总台2015年春节联欢晚会》：https://www.youtube.com/watch?v=Al-T1vuNF4s&list=PLXQgvG0bchMNmpzy2za1QtqSp6wPMPmxI&index=1

#央视春晚 #CCTVSpringFestivalGala #SpringFestivalGala",CCTV春晚,UCjnJ4buqbnpRVaT3IDUQPZQ,20140130,1391094128,456,2983024,70313.0,1100.0,https://www.youtube.com/watch?v=wzBDB-u1pRg,public,not_live,th,春晚|Chinese opera|京剧|同光十三绝|梅兰芳|梅巧玲|谭鑫培|程长庚|中国戏曲|opera|Beijing opera|李胜素|穆桂英挂帅|王艳|双阳公主|迟小秋|锁麟囊|薛湘灵|张佳春|红娘|西厢记|李博|薛平贵|武家坡|武家坡2021|张淇|王越|铡美案|包拯|包青天|袁慧琴|四郎探母|佘太君|杜喆|辕门斩子|杨延昭|于魁智|定军山|黄忠|三国|三国演义|京劇|同光十三絕|梅蘭芳|譚鑫培|程長庚|中國戲曲|李勝素|穆桂英掛帥|王豔|雙陽公主|遲小秋|鎖麟囊|薛湘靈|張佳春|紅娘|西廂記|薛平貴|張淇|鍘美案|轅門斬子|楊延昭|於魁智|定軍山|黃忠|三國|三國演義|Opera|chinese traditional music|Chinese traditional opera|小生|青衣|花旦|老生|武生|老旦|丑角|名伶|CCTV|CCTV春晚 2014|2014春晚|春节联欢晚会|中国春节|除夕|马年春晚|央视春晚,Entertainment,https://i.ytimg.com/vi/wzBDB-u1pRg/maxresdefault.jpg,2026-07-24T07:42:43+00:00,yt-dlp public YouTube metadata extractor
BQ04L9yMPd4,general_alternative,Beijing Opera,16,Peking Opera “The Unicorn Purse” (Full Length),"Peking Opera “The Unicorn Purse” tells a story about returning favour. On the way to the wedding, XUE Xiangling, daughter of a wealthy family, meets crying poor pride ZHAO Shouzhen and gives her the unicorn purse with jewelry inside as a gift. Years later, ZHAO helps XUE in trouble.
Leading performer: CHI Xiaoqiu
Presenter: Jingju Theatre Company of Beijing",China NCPA,UC-EO9wEuPGwSCmHow2v3x3w,20210512,1620812069,8799,213805,4298.0,290.0,https://www.youtube.com/watch?v=BQ04L9yMPd4,public,not_live,,NCPA Latest|The Unicorn Purse|Peking Opera|opera|tradition|music|Chinese culture|culture|performance|stage|arts|国家大剧院|國家大劇院|NCPA,Music,https://i.ytimg.com/vi/BQ04L9yMPd4/maxresdefault.jpg,2026-07-24T07:42:43+00:00,yt-dlp public YouTube metadata extractor
pDIr_W8GCcg,general_alternative,Beijing Opera,17,Beijing Opera Tune,"Provided to YouTube by BMG Music Hong Kong

Beijing Opera Tune · Xia Fei-Yun

Lion Dance

℗ 1994 KIRA PRODUCTIONS

Released on: 1994-12-20

Conductor: Xia Fei-Yun
Associated Performer: Shanghai Traditional Music Troupe
Arranger: Gu Guan-Ren
Producer: Philip Chiu
Recording Engineer: Duan-mu Qing
Recording Engineer: Ting-Ye Li

Auto-generated by YouTube.",Xia Fei-Yun - Topic,UCLGsJl0TlNCzad8QrWtfZug,20141021,1413859631,208,23691,393.0,,https://www.youtube.com/watch?v=pDIr_W8GCcg,public,not_live,,Xia Fei-Yun|夏飞云|夏飛雲|Lion Dance|Beijing Opera Tune|京调|京調,Music,https://i.ytimg.com/vi/pDIr_W8GCcg/maxresdefault.jpg,2026-07-24T07:42:43+00:00,yt-dlp public YouTube metadata extractor
vtV3iAuYN48,general_alternative,Beijing Opera,18,Peking opera,"UNESCO: Representative List of the Intangible Cultural Heritage of Humanity - 2010
URL: http://www.unesco.org/culture/ich/RL/00418
Description: Peking opera is a performance art incorporating singing, reciting, acting, martial arts. Although widely practised throughout China, its performance centres on Beijing, Tianjin and Shanghai. Peking opera is sung and recited using primarily Beijing dialect, and its librettos are composed according to a strict set of rules that prize form and rhyme. They tell stories of history, politics, society and daily life and aspire to inform as they entertain. The music of Peking opera plays a key role in setting the pace of the show, creating a particular atmosphere, shaping the characters, and guiding the progress of the stories. 'Civilian plays' emphasize string and wind instruments such as the thin, high-pitched ''jinghu ''and the flute ''dizi, ''while 'military plays' feature percussion instruments like the ''bangu ''or ''daluo. ''Performance is characterized by a formulaic and symbolic style with actors and actresses following established choreography for movements of hands, eyes, torsos, and feet. Traditionally, stage settings and props are kept to a minimum. Costumes are flamboyant and the exaggerated facial make-up uses concise symbols, colours and patterns to portray characters' personalities and social identities. Peking opera is transmitted largely through master-student training with trainees learning basic skills through oral instruction, observation and imitation. It is regarded as an expression of the aesthetic ideal of opera in traditional Chinese society and remains a widely recognized element of the country's cultural heritage.
Country(ies): China
© 2009 by Han wen / Beijing Bureau of Culture
Duration: 00:09:08 - Support: DVD (0041800004)",UNESCO,UCkD7gm3Am3M3k156lk46t3A,20101105,1288961551,548,323563,1406.0,,https://www.youtube.com/watch?v=vtV3iAuYN48,public,not_live,en,Intangible|Cultural|Heritage;|UNESCO|2003|Convention;|China;|00418;|Representative|List|(2010),People & Blogs,https://i.ytimg.com/vi/vtV3iAuYN48/hqdefault.jpg?sqp=-oaymwEmCOADEOgC8quKqQMa8AEB-AH-BIAC4AOKAgwIABABGH8gLCgYMA8=&rs=AOn4CLBTlj7FvZsT4aNlLFqV99PRFVK7RQ,2026-07-24T07:42:43+00:00,yt-dlp public YouTube metadata extractor
MNQOQo2FVlY,general_alternative,Beijing Opera,19,Brief introduction of Peking Opera to help you learn Chinese,"Peking opera is a performance art incorporating singing, reciting, acting, martial arts. Although widely practised throughout China, its performance centres on Beijing, Tianjin and Shanghai. Peking opera is sung and recited using primarily Beijing dialect, and its librettos are composed according to a strict set of rules that prize form and rhyme.",See China differently,UCe3FRzkYzw2OrChluvYqI8A,20211016,1634397999,416,12670,201.0,3.0,https://www.youtube.com/watch?v=MNQOQo2FVlY,public,not_live,en,peking opera history|peking opera introduction|peking opera makeup|peking opera performer|chinese culture introduction|chinese culture and traditions|chinese culture documentary|learn chinese online|learn chinese for beginners,Education,https://i.ytimg.com/vi/MNQOQo2FVlY/maxresdefault.jpg,2026-07-24T07:42:43+00:00,yt-dlp public YouTube metadata extractor
oFvt4TtE95E,general_alternative,Beijing Opera,20,【A Honey Trap】Classical Peking Opera Celebrates Chinese New Year,"Zhaoyun kills Zhouyu with the Taihou sword on the order of SunShangxiang. What an excellent show! The online broadcasting of the classic show of China National Peking Opera Company is begin.There are more different views of this show on ""Migu C"" to help you enjoy it better. Let's feel the quintessence of Chinese culture feast and enjoy the lively Spring Festival！",Nihao Peking Opera,UChd2LN1auV4Hk2AW9nkaxiQ,20230118,1674033189,213,6542,57.0,1.0,https://www.youtube.com/watch?v=oFvt4TtE95E,public,not_live,,A Honey Tra|Chines|Peking Opera,Film & Animation,https://i.ytimg.com/vi/oFvt4TtE95E/maxresdefault.jpg,2026-07-24T07:42:43+00:00,yt-dlp public YouTube metadata extractor
zyg2sT4iSRA,general_simplified,京剧,1,[2014年春晚]京剧《同光十三绝》 表演者：国家京剧院一团,"[2014年春晚]京剧《同光十三绝》 表演者：国家京剧院一团
中国中央电视台春节联欢晚会简称春晚，是中国规模最大、最受关注、收视率最高、影响力最大的综艺性晚会。",CCTV春晚,UCjnJ4buqbnpRVaT3IDUQPZQ,20151228,1451289670,408,339290,3921.0,104.0,https://www.youtube.com/watch?v=zyg2sT4iSRA,public,not_live,,央视春节晚会|央视春晚|春晚|中国中央电视台|晚会|文艺晚会|The Spring Festival Gala CCTV,News & Politics,https://i.ytimg.com/vi/zyg2sT4iSRA/maxresdefault.jpg,2026-07-24T07:42:43+00:00,yt-dlp public YouTube metadata extractor
7yfavaQ8iBM,general_simplified,京剧,2,京剧《棋盘山》（郭凡嘉 饰 窦仙童，郝仕鹏 饰 薛丁山）来自《中国京剧像音像集萃》| CCTV戏曲,"【订阅CCTV戏曲频道】：https://bit.ly/32iZfYI

■□更多CCTV戏曲精彩节目列表■□
京剧集锦·播放列表：https://bit.ly/3AxUtqk
评剧集锦·播放列表：https://bit.ly/3hJpxMq
豫剧集锦·播放列表：https://bit.ly/3EqMuxQ
越剧集锦·播放列表：https://bit.ly/3zkylyx
黄梅戏集锦·播放列表：https://bit.ly/3nIQSCp

■□更多精彩视频，请关注我们■□
CCTV中国中央电视台：https://bit.ly/32loVDW
CCTV电视剧：https://bit.ly/2HOMYBJ
CCTV纪录：https://bit.ly/3c4UlTp
CCTV科教：https://bit.ly/2HN7yCr

■□关注CCTV系列帐号 Like us on Facebook■□
Facebook（中文）: https://www.facebook.com/CCTV.CH/ 
Facebook（英文）: https://www.facebook.com/cctvcom",中华戏韵,UC2aWa2L_rVzIrYmmjjEEEog,20220408,1649415607,7510,38018,344.0,4.0,https://www.youtube.com/watch?v=7yfavaQ8iBM,public,not_live,,薛丁山|棋盘山京剧|中国京剧音配像精粹|中國京劇音配像精粹|戏曲|京剧|评剧|豫剧|越剧|黄梅戏|戏曲频道|CCTV戏曲|戲曲|戏曲名段|京剧选段|黄梅戏选段|豫剧选段|评剧选段|艺术|曲艺|傳統藝術|國粹|国粹|梅蘭芳|尚小雲|程硯秋|荀慧生|常香玉|小白玉霜|周信芳|马连良|裘盛戎|谭富英|戲曲名段|京劇|評劇|豫劇|越劇|黃梅戲|河北梆子|粤剧|秦腔|戲曲頻道|CCTV戲曲|CCTV|CCTV11|央视戏曲,Entertainment,https://i.ytimg.com/vi/7yfavaQ8iBM/maxresdefault.jpg,2026-07-24T07:42:43+00:00,yt-dlp public YouTube metadata extractor
7A26Jlt_PkM,general_simplified,京剧,3,京剧《望江亭》来自 《中国京剧像音像集萃》 20190218 | CCTV戏曲,"本期节目主要内容： 京剧《望江亭》主要讲述谭记儿在望江亭内设计对付权贵杨衙内的故事，意在表现了谭记儿的机智、勇敢。王润菁饰谭记儿，宋小川饰白士中，吕昆山饰杨衙内。 

《中国京剧音配像精粹》是在一项文化工程，为祖国的文化事业留下了一份宝贵财富。录制京剧音配像的主要目的是为了京剧艺术的抢救、传留和振兴。京剧音配像的剧目大部分是20世纪40年代后期到60年代前期京剧舞台上的艺术珍品，有的还追溯到上个世纪初，涉及京剧各个行当、各个流派，基本囊括了近代京剧黄金时代大部分名家的代表作。

《中国京剧音配像精粹》官方高清播放列表：https://goo.gl/8dj7E6

【订阅CCTV戏曲官方频道】: https://goo.gl/i1pRSj

■□更多CCTV戏曲精彩节目官方高清■□
《空中剧院》官方高清播放列表：https://goo.gl/e6oy5q
《一鸣惊人》官方高清播放列表：https://goo.gl/FG3JkL
《九州大戏台》官方高清播放列表：https://goo.gl/WDjXBf
2018《跟我学》官方高清播放列表：https://goo.gl/FevYRP
《戏曲采风》官方高清播放列表：https://goo.gl/6tmVJ6
《梨园闯关我挂帅》官方高清播放列表：https://goo.gl/VLdagg
2018《青春戏苑》官方高清播放列表：https://goo.gl/5iuUti
2018《快乐戏园》官方高清播放列表：https://goo.gl/HQMPwW
2018《名段欣赏》官方高清播放列表：https://goo.gl/fWKMr4


■□关注更多精彩官方视频，请关注我们■□
CCTV春晚: http://goo.gl/A9V00o
CCTV中文国际: http://goo.gl/HcZaeZ
CCTV中国中央电视台:https://goo.gl/gYT8W8
CCTV科教：https://goo.gl/qpJZuB
CCTV综艺：https://goo.gl/34d95K
CCTV财经：https://goo.gl/28LqrU
CCTV少儿：https://goo.gl/VFauqN
CCTV电视剧：https://goo.gl/nFq3bC

■□关注CCTV其他平台官方账号■□
Facebook: https://www.facebook.com/cctvcom
Twitter: https://twitter.com/CCTV
Instagram: http://instagram.com/cctv",中华戏韵,UC2aWa2L_rVzIrYmmjjEEEog,20190218,1550487999,6729,39601,255.0,8.0,https://www.youtube.com/watch?v=7A26Jlt_PkM,public,not_live,,望江亭|谭记|吕昆山|宋小川|白士中|杨衙内|中国京剧音配像精粹|中國京劇音配像精粹|戏曲|艺术|京剧|曲艺|国粹|录制京剧|文化工程|艺术珍品,Entertainment,https://i.ytimg.com/vi/7A26Jlt_PkM/hqdefault.jpg,2026-07-24T07:42:43+00:00,yt-dlp public YouTube metadata extractor
WrXfW6cnil4,general_simplified,京剧,4,京剧名家王艳眉眼婉转，唱腔柔脆媚美 京剧《霸王别姬》（王艳 饰 虞姬，黄齐峰、王嘉庆 饰 项羽）来自 《中国京剧像音像集萃》| 中华戏韵,"#戏曲 #戏曲名段 #戏曲经典 #京剧 #opera #beijingopera 
本期节目主要内容：
秦末，楚汉相争，韩信命李左车诈降项羽，诓项羽进兵。在九里山十面埋伏，将项羽困于垓下。项羽突围不出，又听到四面楚歌，疑楚军尽已降汉，在营中与虞姬饮酒作别。虞姬自刎，项羽杀出重围，至乌江，感到无面目见江东父老，自刎江边。王艳 饰 虞姬；黄齐峰 王嘉庆 饰 项羽。

►▷《中国京剧像音像集萃》播放列表：http://bit.ly/3yf74iT
【订阅中华戏韵频道】：https://bit.ly/32iZfYI

■□更多中华戏韵精彩节目列表■□
京剧集锦·播放列表：https://bit.ly/3Wyjk8e
评剧集锦·播放列表：https://bit.ly/3vvzAv2
豫剧集锦·播放列表：https://bit.ly/3DeanKC
越剧集锦·播放列表：https://bit.ly/3TjniQM
黄梅戏集锦·播放列表：https://bit.ly/3MMoCsX",中华戏韵,UC2aWa2L_rVzIrYmmjjEEEog,20190410,1554895918,7422,293773,3137.0,61.0,https://www.youtube.com/watch?v=WrXfW6cnil4,public,not_live,,戏曲|京剧|京剧霸王别姬|霸王别姬|王艳|虞姬|黄齐峰|王嘉庆|项羽|张国荣|张丰毅|陈凯歌|程派名剧|京剧程派|程派名家|青衣|史剧|历史故事|opera|beijing opera|Beijing|戲曲|京劇|京劇霸王別姬|霸王別姬|王豔|黃齊峰|王嘉慶|項羽|張國榮|張豐毅|陳凱歌|程派名劇|京劇程派|史劇|曆史故事|古装剧|古装片|古裝劇|古裝片|像音像|评剧|豫剧|黄梅戏|戏曲频道|CCTV戏曲|戏曲名段|京剧选段|黄梅戏选段|豫剧选段|评剧选段|艺术|曲艺|傳統藝術|國粹|国粹|程硯秋|荀慧生|常香玉|小白玉霜|周信芳|马连良|裘盛戎|谭富英|戲曲名段|評劇|豫劇|黄梅戲|河北梆子|粤剧|秦腔|戲曲頻道|CCTV戲曲|CCTV|CCTV11|央视戏曲|中国京剧像音像集萃|中國京劇像音像集萃|京剧名家|京剧新人|京剧小生|京劇名家|京劇新人|京劇小生|中华戏韵|中華戲韵,Entertainment,https://i.ytimg.com/vi/WrXfW6cnil4/maxresdefault.jpg,2026-07-24T07:42:43+00:00,yt-dlp public YouTube metadata extractor
2RbBnUt2TaM,general_simplified,京剧,5,京剧《锁麟囊》（张火丁 饰 薛湘灵，徐畅 饰 赵守贞）来自《中国京剧像音像集萃》| CCTV戏曲,"【订阅CCTV戏曲频道】：https://bit.ly/32iZfYI

■□更多CCTV戏曲精彩节目列表■□
京剧集锦·播放列表：https://bit.ly/3AxUtqk
评剧集锦·播放列表：https://bit.ly/3hJpxMq
豫剧集锦·播放列表：https://bit.ly/3EqMuxQ
越剧集锦·播放列表：https://bit.ly/3zkylyx
黄梅戏集锦·播放列表：https://bit.ly/3nIQSCp

■□更多精彩视频，请关注我们■□
CCTV中国中央电视台：https://bit.ly/32loVDW
CCTV电视剧：https://bit.ly/2HOMYBJ
CCTV纪录：https://bit.ly/3c4UlTp
CCTV科教：https://bit.ly/2HN7yCr

■□关注CCTV系列帐号 Like us on Facebook■□
Facebook（中文）: https://www.facebook.com/CCTV.CH/ 
Facebook（英文）: https://www.facebook.com/cctvcom",中华戏韵,UC2aWa2L_rVzIrYmmjjEEEog,20220310,1646910001,8999,97428,1010.0,41.0,https://www.youtube.com/watch?v=2RbBnUt2TaM,public,not_live,,锁麟囊|张火丁|中国京剧音配像精粹|中國京劇音配像精粹|戏曲|京剧|评剧|豫剧|越剧|黄梅戏|戏曲频道|CCTV戏曲|戲曲|戏曲名段|京剧选段|黄梅戏选段|豫剧选段|评剧选段|艺术|曲艺|傳統藝術|國粹|国粹|梅蘭芳|尚小雲|程硯秋|荀慧生|常香玉|小白玉霜|周信芳|马连良|裘盛戎|谭富英|戲曲名段|京劇|評劇|豫劇|越劇|黃梅戲|河北梆子|粤剧|秦腔|戲曲頻道|CCTV戲曲|CCTV|CCTV11|央视戏曲,Entertainment,https://i.ytimg.com/vi/2RbBnUt2TaM/maxresdefault.jpg,2026-07-24T07:42:43+00:00,yt-dlp public YouTube metadata extractor
cTSm_A6E3uA,general_simplified,京剧,6,十大京剧名家唱段 重温经典 耐人寻味 韵味醇厚 收藏起来慢慢听 #京剧名段欣赏 #京剧国粹 #戏剧经典唱段欣赏,十大京剧名家唱段 重温经典 耐人寻味 韵味醇厚 收藏起来慢慢听 #京剧名段欣赏 #京剧国粹 #戏剧经典唱段欣赏,安笛音悦,UCdBv6i06tXw4oWpGPW5Gdyw,20250315,1742015703,1335,3600,27.0,,https://www.youtube.com/watch?v=cTSm_A6E3uA,public,not_live,,,People & Blogs,https://i.ytimg.com/vi/cTSm_A6E3uA/sddefault.jpg,2026-07-24T07:42:43+00:00,yt-dlp public YouTube metadata extractor
e1BhZYBhYgw,general_simplified,京剧,7,孟广禄演绎京剧《铡美案》选段，裘派花脸再现巅峰唱功，“尊一声驸马爷细听端的” 来自《中国戏曲大会》| 中华戏韵,"#戏曲 #戏曲名段 #戏曲经典 #京剧 
京剧《铡美案》选段 演出单位：天津青年京剧团，孟广禄 饰 包拯。

剧情简介：北宋年间，陈世美停妻另娶，招为附马，秦香莲带领一双儿女京城寻夫，陈世美非但不认，反差韩琪杀人灭口，韩琪仗义自杀。秦香莲告至开封府，包拯不顾皇家威吓，秉公执法，铡了驸马陈世美，为秦香莲报仇伸冤。

►▷《中国戏曲大会》播放列表：https://bit.ly/3DvtujF
【订阅中华戏韵频道】：https://bit.ly/2RA8tef

■□更多中华戏韵精彩节目列表■□
京剧集锦·播放列表：https://bit.ly/3Wyjk8e
评剧集锦·播放列表：https://bit.ly/3vvzAv2
豫剧集锦·播放列表：https://bit.ly/3DeanKC
越剧集锦·播放列表：https://bit.ly/3TjniQM
黄梅戏集锦·播放列表：https://bit.ly/3MMoCsX",中华戏韵,UC2aWa2L_rVzIrYmmjjEEEog,20170808,1502173439,327,482241,8137.0,202.0,https://www.youtube.com/watch?v=e1BhZYBhYgw,public,not_live,,戲曲|京劇|鍘美案|包公|包拯|孟广禄|裘派名家|京剧裘派|天津京剧团|孟广禄包公|孟广禄铡美案|秦香蓮|包公案|百家公案|陳世美|辛寶達|李長春|狀元|宋仁宗|孟廣祿|京劇裘派|天津京劇團|孟廣祿包公|孟廣祿鍘美案|駙馬|韓琪|自盡|凶手|展昭|發配邊疆|祺家夫婦|祺大娘|公主|太后|龍頭鍘|狀告|皇上|君王|CCTV|cctv戏曲|China|戏曲频道|CCTV戏曲|戏曲名段|京剧选段|黄梅戏选段|豫剧选段|评剧选段|艺术|曲艺|傳統藝術|國粹|国粹|梅蘭芳|尚小雲|程硯秋|荀慧生|常香玉|小白玉霜|周信芳|马连良|裘盛戎|谭富英|戲曲名段|黃梅戲|粤剧|秦腔|戲曲頻道|CCTV戲曲|CCTV11|央视戏曲|中华戏韵|中華戲韵|中国戏曲大会|中國戲曲大會|中華戲韻,Entertainment,https://i.ytimg.com/vi/e1BhZYBhYgw/maxresdefault.jpg,2026-07-24T07:42:43+00:00,yt-dlp public YouTube metadata extractor
5pao2iJgJ-o,general_simplified,京剧,8,《中国京剧像音像集萃》 20200305 京剧《将相和》| CCTV戏曲,"本期节目主要内容：战国邯郸蔺相如因完璧归赵，被封为赵国丞相。上将军廉颇居功自傲，屡次向蔺相如寻衅。蔺相如以国事为重，始终忍让。后经上大夫虞卿劝解，廉颇愧悔，至蔺相如府负荆请罪，将相和好，同心辅国。王平 饰 蔺相如，邓沐玮 饰 廉颇。 （《中国京剧像音像集萃》 20200305 京剧《将相和》 ）
《中国京剧音配像精粹》的剧目大部分是20世纪40年代后期到60年代前期京剧舞台上的艺术珍品，有的还追溯到上个世纪初，涉及京剧各个行当、各个流派，基本囊括了近代京剧黄金时代大部分名家的代表作。

《中国京剧音配像精粹》播放列表：https://bit.ly/2MMH0o1

【订阅CCTV戏曲频道】：https://bit.ly/32iZfYI

■□更多CCTV戏曲精彩节目列表■□
京剧集锦播放列表：https://bit.ly/2H6kPGo
评剧集锦播放列表：https://bit.ly/2ZyK9PT
豫剧集锦播放列表：https://bit.ly/2Iy5Sxv
越剧集锦播放列表：https://bit.ly/2lHCQCX
黄梅戏集锦播放列表：https://bit.ly/2p14gFE

■□更多精彩视频，请关注我们■□
CCTV中国中央电视台：https://bit.ly/32loVDW
CCTV综艺：https://bit.ly/2wIvswP
CCTV电视剧：https://bit.ly/2HOMYBJ
CCTV纪录：https://bit.ly/3c4UlTp
CCTV科教：https://bit.ly/2HN7yCr

■□关注CCTV系列帐号 Like us on Facebook■□
Facebook（中文）: https://www.facebook.com/CCTV.CH/ 
Facebook（英文）: https://www.facebook.com/cctvcom",中华戏韵,UC2aWa2L_rVzIrYmmjjEEEog,20200304,1583351491,3879,1607,21.0,,https://www.youtube.com/watch?v=5pao2iJgJ-o,public,not_live,,中国京剧音配像精粹|中國京劇音配像精粹|戏曲|京剧|评剧|豫剧|越剧|黄梅戏|戏曲频道|CCTV戏曲|戲曲|戏曲名段|京剧选段|黄梅戏选段|豫剧选段|评剧选段|艺术|曲艺|傳統藝術|國粹|国粹|梅蘭芳|尚小雲|程硯秋|荀慧生|常香玉|小白玉霜|周信芳|马连良|裘盛戎|谭富英|戲曲名段|京劇|評劇|豫劇|越劇|黃梅戲|河北梆子|粤剧|秦腔|戲曲頻道|CCTV戲曲|CCTV|CCTV11|央视戏曲,Entertainment,https://i.ytimg.com/vi/5pao2iJgJ-o/maxresdefault.jpg,2026-07-24T07:42:43+00:00,yt-dlp public YouTube metadata extractor
NX5R2WqthdY,general_simplified,京剧,9,天津京剧院尽遣精英 致敬梅派经典 京剧《穆桂英挂帅》（王艳 饰 穆桂英，李宏 饰 佘太君，赵华 饰 寇准）来自《中国京剧像音像集萃》| 中华戏韵,"#戏曲 #戏曲名段 #戏曲经典 #京剧 #opera #beijingopera 
本期节目主要内容：
北宋时，西夏犯境。辞朝隐居的佘太君闻讯，遣曾孙杨文广、曾孙女杨金花去汴京探听。杨文广在校场比武，刀劈兵部尚书王强之子王伦，夺得帅印归来。穆桂英深感朝廷刻薄寡恩，不愿再为其效力。佘太君劝她以抵御西夏侵扰为重，穆桂英乃挂帅出征。王艳 饰 穆桂英，李宏 饰 佘太君，赵华 饰 寇准，焦鹏飞 饰 杨宗保。

►▷《中国京剧像音像集萃》播放列表：https://bit.ly/41WtKB0
【订阅中华戏韵频道】：https://bit.ly/32iZfYI

■□更多中华戏韵精彩节目列表■□
京剧集锦·播放列表：https://bit.ly/3Wyjk8e
评剧集锦·播放列表：https://bit.ly/3vvzAv2
豫剧集锦·播放列表：https://bit.ly/3DeanKC
越剧集锦·播放列表：https://bit.ly/3TjniQM
黄梅戏集锦·播放列表：http://bit.ly/3ySNOYL",中华戏韵,UC2aWa2L_rVzIrYmmjjEEEog,20230526,1685098817,8575,72033,750.0,8.0,https://www.youtube.com/watch?v=NX5R2WqthdY,public,not_live,,戏曲|京剧穆桂英挂帅|京剧|穆桂英挂帅|王艳|穆桂英|李宏|佘太君|赵华|寇准|焦鹏飞|杨宗保|梅派名剧|梅派经典|梅派花旦|尚派青衣|京剧梅派|京剧尚派|梅兰芳|尚小云|北宋|西夏|杨金花|汴京|杨文广|王强|王伦|帅印|朝廷|比武|女中豪杰|女性|天津京剧院|国家一级演员|戏剧梅花奖|古装|opera|beijing opera|Beijing|戲曲|京劇穆桂英掛帥|京劇|穆桂英掛帥|王豔|趙華|焦鵬飛|楊宗保|梅派名劇|梅派經典|京劇梅派|京劇尚派|梅蘭芳|尚小雲|楊金花|楊文廣|王強|王倫|帥印|女中豪傑|天津京劇院|國家一級演員|戲劇梅花獎|古裝|史剧|古装剧|古装片|史劇|古裝劇|古裝片|像音像|评剧|豫剧|黄梅戏|戏曲频道|CCTV戏曲|戏曲名段|京剧选段|黄梅戏选段|豫剧选段|评剧选段|艺术|曲艺|傳統藝術|國粹|国粹|荀慧生|常香玉|小白玉霜|周信芳|马连良|谭富英|戲曲名段|評劇|豫劇|黄梅戲|河北梆子|粤剧|秦腔|戲曲頻道|CCTV戲曲|CCTV|CCTV11|央视戏曲|中国京剧像音像集萃|中國京劇像音像集萃|京剧名家|京剧新人|京劇名家|中华戏韵|中華戲韵,Entertainment,https://i.ytimg.com/vi/NX5R2WqthdY/maxresdefault.jpg,2026-07-24T07:42:43+00:00,yt-dlp public YouTube metadata extractor
5AgcR3VVgfg,general_simplified,京剧,10,京剧《三娘教子》【王艳 饰 王春娥，赵华 饰 薛保，史绍跃 饰 薛倚哥（前），邵海龙 饰 张氏】来自《中国京剧像音像集萃》| CCTV戏曲,"本期节目主要内容：
王春娥与薛保含辛茹苦抚养薛倚，薛倚在学堂被同学讥为无母之儿，气愤回家，遂不认三娘为母，春娥怒以刀断机布，以示决绝，幸薛保竭诚劝导，母子始和好如初。王艳 饰 王春娥，赵华 饰 薛保，史绍跃 饰 薛倚哥（前），邵海龙 饰 张氏。

《京剧像音像》遵循京剧艺术自身的规律，将当代优秀中青年演员的代表剧目依托现代科技手段，采用先在舞台取像，然后由演员自己录音、配像，最后录制合成的方式，使音与像都达到最完美的艺术效果，还通过电视栏目和音像制品的形式，让京剧艺术进入千家万户。

#京剧 #三娘教子 #王春娥 #状元

【订阅CCTV戏曲频道】：https://bit.ly/32iZfYI

■□更多CCTV戏曲精彩节目列表■□
京剧集锦·播放列表：https://bit.ly/3AxUtqk
评剧集锦·播放列表：https://bit.ly/3hJpxMq
豫剧集锦·播放列表：https://bit.ly/3EqMuxQ
越剧集锦·播放列表：https://bit.ly/3zkylyx
黄梅戏集锦·播放列表：https://bit.ly/3nIQSCp

■□更多精彩视频，请关注我们■□
CCTV中国中央电视台：https://bit.ly/32loVDW
CCTV电视剧：https://bit.ly/2HOMYBJ
CCTV纪录：https://bit.ly/3c4UlTp
CCTV科教：https://bit.ly/2HN7yCr

■□关注CCTV系列帐号 Like us on Facebook■□
Facebook（中文）: https://www.facebook.com/CCTV.CH/ 
Facebook（英文）: https://www.facebook.com/cctvcom",中华戏韵,UC2aWa2L_rVzIrYmmjjEEEog,20220808,1659956405,9810,32179,205.0,3.0,https://www.youtube.com/watch?v=5AgcR3VVgfg,public,not_live,,中国京剧音配像精粹|三娘教子|中國京劇音配像精粹|戏曲|京剧|王艳|王春娥|赵华|薛保|史绍跃|薛倚哥（前）|邵海龙|张氏|镇江|金榜题名|状元|母子|家庭教育|父母|感恩图报|感恩|科举制|评剧|豫剧|越剧|黄梅戏|戏曲频道|明末清初戏曲|CCTV戏曲|戲曲|戏曲名段|京剧选段|黄梅戏选段|豫剧选段|评剧选段|艺术|曲艺|傳統藝術|國粹|国粹|明代|儒生|儒学|孔孟之道|孔夫子|孔子|戲曲名段|京劇|評劇|豫劇|越劇|黃梅戲|河北梆子|粤剧|秦腔|戲曲頻道|CCTV戲曲|CCTV|CCTV11|央视戏曲,Entertainment,https://i.ytimg.com/vi/5AgcR3VVgfg/maxresdefault.jpg,2026-07-24T07:42:43+00:00,yt-dlp public YouTube metadata extractor
-BW_cyTTtYk,general_simplified,京剧,11,佘太君智斗宋仁宗 杨八姐率众闯宫门 京剧《佘太君抗婚》（张兰 饰 佘太君，张兵 饰 宋仁宗，郑菲 饰 杨八姐）来自《中国戏曲像音像集萃》| 中华戏韵,"#戏曲 #戏曲名段 #戏曲经典 #京剧 #opera #beijingopera 
本期节目主要内容：宋仁宗微服出行，路遇杨八姐，见其美貌，欲纳入后宫为妃，命王延龄过府说亲。佘太君见圣命难违，假意答应，上金殿索要彩礼。而这些彩礼都是世间难寻之物，宋仁宗大怒。朝臣刘文晋献计，请宋仁宗赐御宴留住佘太君，他率御林军去杨府抢亲。不料，刘文晋被杨八姐痛打之后逃回皇宫。仁宗大怒，欲斩佘太君。杨八姐又率杨家将杀进宫门，救走佘太君。

►▷《中国戏曲像音像集萃》播放列表：https://bit.ly/3Q1h6MK
【订阅中华戏韵频道】：https://bit.ly/32iZfYI

■□更多中华戏韵精彩节目列表■□
京剧集锦·播放列表：https://bit.ly/3Wyjk8e
评剧集锦·播放列表：https://bit.ly/3vvzAv2
豫剧集锦·播放列表：https://bit.ly/3DeanKC
越剧集锦·播放列表：https://bit.ly/4fvQ6Bs
黄梅戏集锦·播放列表：http://bit.ly/3ySNOYL",中华戏韵,UC2aWa2L_rVzIrYmmjjEEEog,20251210,1765364400,7722,5110,46.0,,https://www.youtube.com/watch?v=-BW_cyTTtYk,public,not_live,,中国京剧音配像精粹|佘太君抗婚|佘太君|佘太君挂帅|杨门女将|杨家将|杨家将 京剧|中国京剧|中国京剧名家名段欣赏|杨八姐|张兰|郑菲|张兵|宋仁宗|佘太君挂帥|楊門女將|楊家將|楊家將 京劇|中國京劇|中國京劇名家名段欣賞|楊八姐|張蘭|鄭菲|張兵|中國京劇音配像精粹|戏曲|京剧|评剧|豫剧|越剧|黄梅戏|戏曲频道|CCTV戏曲|戲曲|戏曲名段|京剧选段|黄梅戏选段|豫剧选段|评剧选段|艺术|曲艺|傳統藝術|國粹|国粹|梅蘭芳|尚小雲|程硯秋|荀慧生|常香玉|小白玉霜|周信芳|马连良|裘盛戎|谭富英|戲曲名段|京劇|評劇|豫劇|越劇|黃梅戲|河北梆子|粤剧|秦腔|戲曲頻道|CCTV戲曲|CCTV|CCTV11|央视戏曲,Entertainment,https://i.ytimg.com/vi/-BW_cyTTtYk/maxresdefault.jpg,2026-07-24T07:42:43+00:00,yt-dlp public YouTube metadata extractor
TANXRZfD1J4,general_simplified,京剧,12,LIVE丨海派京剧连本台戏《七侠五义》（上本）中文字幕#上海京剧院 #第十届中国京剧艺术节,"【剧情简介】北宋，地方藩王蠢蠢欲动，仁宗广纳贤士，以固国土。包拯举荐展昭，深受宋仁宗青睐，被封为四品带刀护卫，钦赐封号“御猫”。松江府陷空岛结义弟兄钻天鼠卢方、彻地鼠韩彰、穿山鼠徐庆、翻江鼠蒋平、锦毛鼠白玉堂人称五义，享有盛名。白玉堂受人蛊惑，私上东京，要与展昭一争短长。卢方、韩彰、徐庆、蒋平先后赶赴东京解劝。白玉堂抵京，潜入皇宫，杀死图谋害人的太监郭安，题诗留名。宋仁宗钦慕白玉堂，命展昭寻访。

00:00:00 片头
00:01:00 第一场 试艺封猫 北宋仁宗年间
00:13:12 第二场 访鼠离岛 松江府 卢家庄
00:29:26 第三场 杀监题诗 御花园
00:38:53 第四场 茶坊行侠 东京城内 小茶坊
00:58:15 第五场 猫鼠盗契 贾府库房
01:04:36 第六场 假猫毙命 东京街道
01:12:09 第七场 夜闹开封 开封大堂
01:20:34 第八场 劝弟诓药 开封府衙前
01:32:29 第九场 智盗三宝 开封书房
01:36:55 第十场 猫鼠相会 芦花荡外
01:53:46 第十一场 御猫落阱 松江府郊外
02:02:58 第十二场 闹海翻江 陷空岛五义厅外

#京剧 #海派京剧 #连本台戏 #七侠五义 #戏曲 #chineseopera #live",梨园华章 Melodies from the East,UCZvE2SD-2SJodDN3UxNF_gA,20240110,1704866962,8358,3655,63.0,2.0,https://www.youtube.com/watch?v=TANXRZfD1J4,public,was_live,,,Music,https://i.ytimg.com/vi/TANXRZfD1J4/maxresdefault.jpg,2026-07-24T07:42:43+00:00,yt-dlp public YouTube metadata extractor
uWNogokr7bw,general_simplified,京剧,13,京剧《忠义千秋》（叶金援 饰 关羽，舒桐 饰 张飞，韩巨明 饰 曹操）来自《中国京剧像音像集萃》| CCTV戏曲,"本期节目主要内容：
关羽一生以其诚实守信、义薄云天而被后人称颂，京剧《忠义千秋》正是取材于关羽这个英雄形象，全剧是以歌颂关公忠义精神为主题打造的大型历史剧。叶金援 饰 关羽，舒桐 饰 张飞，韩巨明 饰 曹操，张凯 饰 刘备。

《中国京剧像音像集萃》 播放列表：https://bit.ly/3yFtb2y
【订阅CCTV戏曲频道】：https://bit.ly/32iZfYI

■□更多CCTV戏曲精彩节目列表■□
京剧集锦·播放列表：https://bit.ly/3CA662h
评剧集锦·播放列表：https://bit.ly/3EEIsV0
豫剧集锦·播放列表：https://bit.ly/3T1kfwJ
越剧集锦·播放列表：https://bit.ly/3Vf20VO
黄梅戏集锦·播放列表：https://bit.ly/3QDSUP7

■□更多精彩官方视频，请关注我们■□
CCTV中国中央电视台：https://bit.ly/32loVDW
CCTV电视剧：https://bit.ly/2HOMYBJ
CCTV纪录：https://bit.ly/3c4UlTp
CCTV科教：https://bit.ly/2HN7yCr

■□关注CCTV系列帐号 Like us on Facebook■□
Facebook（中文）: https://www.facebook.com/CCTV.CH/ 
Facebook（英文）: https://www.facebook.com/cctvcom",中华戏韵,UC2aWa2L_rVzIrYmmjjEEEog,20221015,1665831629,7024,66953,579.0,13.0,https://www.youtube.com/watch?v=uWNogokr7bw,public,not_live,,京剧|京劇|china|Beijing opera|关羽|忠义千秋|关公|忠义|历史|叶金援|舒桐|张飞|韩巨明|曹操|张凯|刘备|關羽|忠義千秋|關公|忠義|歷史|葉金援|張飛|韓巨明|張凱|劉備|中國傳統|戏曲|评剧|豫剧|越剧|黄梅戏|戏曲频道|CCTV戏曲|戲曲|戏曲名段|京剧选段|黄梅戏选段|豫剧选段|评剧选段|艺术|曲艺|傳統藝術|國粹|国粹|马连良|裘盛戎|谭富英|戲曲名段|評劇|豫劇|越劇|黄梅戲|河北梆子|粤剧|秦腔|戲曲頻道|CCTV戲曲|CCTV|CCTV11|央视戏曲,Entertainment,https://i.ytimg.com/vi/uWNogokr7bw/maxresdefault.jpg,2026-07-24T07:42:43+00:00,yt-dlp public YouTube metadata extractor
11DThOhbIaU,general_simplified,京剧,14,京剧《钗头凤》（张佳春 饰 唐蕙仙，马磊 饰 陆游）来自《中国京剧像音像集萃》| CCTV戏曲,"【订阅CCTV戏曲频道】：https://bit.ly/32iZfYI

■□更多CCTV戏曲精彩节目列表■□
京剧集锦·播放列表：https://bit.ly/3AxUtqk
评剧集锦·播放列表：https://bit.ly/3hJpxMq
豫剧集锦·播放列表：https://bit.ly/3EqMuxQ
越剧集锦·播放列表：https://bit.ly/3zkylyx
黄梅戏集锦·播放列表：https://bit.ly/3nIQSCp

■□更多精彩视频，请关注我们■□
CCTV中国中央电视台：https://bit.ly/32loVDW
CCTV电视剧：https://bit.ly/2HOMYBJ
CCTV纪录：https://bit.ly/3c4UlTp
CCTV科教：https://bit.ly/2HN7yCr

■□关注CCTV系列帐号 Like us on Facebook■□
Facebook（中文）: https://www.facebook.com/CCTV.CH/ 
Facebook（英文）: https://www.facebook.com/cctvcom",中华戏韵,UC2aWa2L_rVzIrYmmjjEEEog,20220514,1652531970,8029,15391,101.0,4.0,https://www.youtube.com/watch?v=11DThOhbIaU,public,not_live,,中国京剧音配像精粹|中國京劇音配像精粹|戏曲|京剧|评剧|豫剧|越剧|黄梅戏|戏曲频道|CCTV戏曲|戲曲|戏曲名段|京剧选段|黄梅戏选段|豫剧选段|评剧选段|艺术|曲艺|傳統藝術|國粹|国粹|梅蘭芳|尚小雲|程硯秋|荀慧生|常香玉|小白玉霜|周信芳|马连良|裘盛戎|谭富英|戲曲名段|京劇|評劇|豫劇|越劇|黃梅戲|河北梆子|粤剧|秦腔|戲曲頻道|CCTV戲曲|CCTV|CCTV11|央视戏曲,Entertainment,https://i.ytimg.com/vi/11DThOhbIaU/maxresdefault.jpg,2026-07-24T07:42:43+00:00,yt-dlp public YouTube metadata extractor
rVVL3zacJY8,general_simplified,京剧,15,京剧《战洪州》来自《中国京剧像音像集萃》 20200310 | CCTV戏曲,"本期节目主要内容：京剧《战洪州》讲述了北宋时，辽邦肖天佐领兵犯界，北宋元帅杨延景和十家总兵围困在洪州城。杨宗保单骑突围，回朝搬兵。朝中无人挂帅出征，八贤王赵德芳和天官寇准奉旨到天波府调兵遣将，佘太君以杨府无兵将可调推辞。寇准带八贤王溜入后花园演武厅鸣金击鼓，穆桂英全身披挂率领杨家男女兵将威风凛凛而出。侯丹梅 饰 穆桂英；詹志凯 饰 赵德芳；曹剑文 饰 寇准。

《中国京剧音配像精粹》的剧目大部分是20世纪40年代后期到60年代前期京剧舞台上的艺术珍品，有的还追溯到上个世纪初，涉及京剧各个行当、各个流派，基本囊括了近代京剧黄金时代大部分名家的代表作。

《中国京剧音配像精粹》播放列表：https://bit.ly/2MMH0o1

【订阅CCTV戏曲频道】：https://bit.ly/32iZfYI

■□更多CCTV戏曲精彩节目列表■□
京剧集锦播放列表：https://bit.ly/2H6kPGo
评剧集锦播放列表：https://bit.ly/2ZyK9PT
豫剧集锦播放列表：https://bit.ly/2Iy5Sxv
越剧集锦播放列表：https://bit.ly/2lHCQCX
黄梅戏集锦播放列表：https://bit.ly/2p14gFE

■□更多精彩视频，请关注我们■□
CCTV中国中央电视台：https://bit.ly/32loVDW
CCTV综艺：https://bit.ly/2wIvswP
CCTV电视剧：https://bit.ly/2HOMYBJ
CCTV纪录：https://bit.ly/3c4UlTp
CCTV科教：https://bit.ly/2HN7yCr

■□关注CCTV系列帐号 Like us on Facebook■□
Facebook（中文）: https://www.facebook.com/CCTV.CH/ 
Facebook（英文）: https://www.facebook.com/cctvcom",中华戏韵,UC2aWa2L_rVzIrYmmjjEEEog,20200310,1583826386,8008,23546,204.0,1.0,https://www.youtube.com/watch?v=rVVL3zacJY8,public,not_live,,京剧 战洪州|战洪州|中国京剧音配像精粹|中國京劇音配像精粹|穆桂英挂帅|佘太君|杨宗保|穆桂英|北宋|戏曲|京剧|评剧|豫剧|越剧|黄梅戏|戏曲频道|CCTV戏曲|戲曲|戏曲名段|京剧选段|黄梅戏选段|豫剧选段|评剧选段|艺术|曲艺|傳統藝術|國粹|国粹|梅蘭芳|尚小雲|程硯秋|荀慧生|常香玉|小白玉霜|周信芳|马连良|裘盛戎|谭富英|戲曲名段|京劇|評劇|豫劇|越劇|黃梅戲|河北梆子|粤剧|秦腔|戲曲頻道|CCTV戲曲|CCTV|CCTV11|央视戏曲,Entertainment,https://i.ytimg.com/vi/rVVL3zacJY8/maxresdefault.jpg,2026-07-24T07:42:43+00:00,yt-dlp public YouTube metadata extractor
cdtcZKxDDqI,general_simplified,京剧,16,京剧《女起解》来自 《中国京剧像音像集萃》 20190618 | CCTV戏曲,"本期节目主要内容： 官家子弟王金龙与名妓苏三誓偕白首。王在妓院钱财用尽，被鸨儿轰出，苏私赠银两使回南京。后鸨儿将苏三卖给山西富商沈燕林为妾。沈妻与人私通，毒死沈，反诬告苏三。县官受贿，将苏三问成死罪，解差崇公道提解苏三自洪洞去太原复审。刘子微饰苏三，黄德华饰崇公道，高兴瑞饰县令，黄建军饰狱卒。

《中国京剧音配像精粹》是在一项文化工程，为祖国的文化事业留下了一份宝贵财富。录制京剧音配像的主要目的是为了京剧艺术的抢救、传留和振兴。京剧音配像的剧目大部分是20世纪40年代后期到60年代前期京剧舞台上的艺术珍品，有的还追溯到上个世纪初，涉及京剧各个行当、各个流派，基本囊括了近代京剧黄金时代大部分名家的代表作。

《中国京剧音配像精粹》官方高清播放列表：https://goo.gl/8dj7E6

【订阅CCTV戏曲官方频道】: https://goo.gl/i1pRSj

■□更多CCTV戏曲精彩节目官方高清■□
《空中剧院》官方高清播放列表：https://goo.gl/e6oy5q
《一鸣惊人》官方高清播放列表：https://goo.gl/FG3JkL
《九州大戏台》官方高清播放列表：https://goo.gl/WDjXBf
2018《跟我学》官方高清播放列表：https://goo.gl/FevYRP
《戏曲采风》官方高清播放列表：https://goo.gl/6tmVJ6
《梨园闯关我挂帅》官方高清播放列表：https://goo.gl/VLdagg
2018《青春戏苑》官方高清播放列表：https://goo.gl/5iuUti
2018《快乐戏园》官方高清播放列表：https://goo.gl/HQMPwW
2018《名段欣赏》官方高清播放列表：https://goo.gl/fWKMr4


■□关注更多精彩官方视频，请关注我们■□
CCTV春晚: http://goo.gl/A9V00o
CCTV中文国际: http://goo.gl/HcZaeZ
CCTV中国中央电视台:https://goo.gl/gYT8W8
CCTV科教：https://goo.gl/qpJZuB
CCTV综艺：https://goo.gl/34d95K
CCTV财经：https://goo.gl/28LqrU
CCTV少儿：https://goo.gl/VFauqN
CCTV电视剧：https://goo.gl/nFq3bC

■□关注CCTV其他平台官方账号■□
Facebook: https://www.facebook.com/cctvcom
Twitter: https://twitter.com/CCTV
Instagram: http://instagram.com/cctv",中华戏韵,UC2aWa2L_rVzIrYmmjjEEEog,20190618,1560817073,3480,14501,140.0,5.0,https://www.youtube.com/watch?v=cdtcZKxDDqI,public,not_live,,中国京剧音配像精粹|中國京劇音配像精粹|戏曲|苏三|王金龙|女起解|县令|黄德华|刘子微|高兴瑞|黄建军|艺术|京剧|曲艺|国粹|录制京剧|文化工程|艺术珍品|CCTV|CCTV11|戏曲频道|央视戏曲,Entertainment,https://i.ytimg.com/vi/cdtcZKxDDqI/maxresdefault.jpg,2026-07-24T07:42:43+00:00,yt-dlp public YouTube metadata extractor
b6Bymi7Jl6o,general_simplified,京剧,17,展示绝伦唱功 重温红色经典！《红灯记》《雁荡山》《江州送酒》《田耕牛本传》从京剧到昆曲 好戏连台 精彩不断！《2026年新年戏曲晚会》| 中华戏韵,"本期节目主要内容：
1.京胡与乐队《皮黄迎新年》 京胡：王彩云 康长升 等 板鼓：倪麒森；
2.京剧新秀联唱 表演：张兰 吕耀瑶 等；
3.昆曲《江州送酒》选段 表演：吴双 张前仓；
4.情景表演《戏曲演到家门前》 表演：房小莉 邢琛 等；
5.京剧经典唱段 表演：张建国 史依弘 等；
6.少儿节目《春莺出谷》 表演：买不非 芦筱然 等；
7.楚剧《田耕牛本传》选段 表演：詹春尧；
8.现代京剧《红灯记》选段 表演：李文林 毕小洋 李晨；
9.武戏《雁荡山》选段 表演：朱凌宇 唐恺 等；
10.戏歌《国粹流韵》 演唱：田磊 李博 等。

#戏曲 #新年 #2026 #戏曲晚会

《2026年新年戏曲晚会》播放列表：https://www.youtube.com/playlist?list=PLt1zKFJXVcUk28Cpg1ccHOJYsyuCgY9k-
【订阅中华戏韵频道】：https://bit.ly/32iZfYI

■□新年戏曲晚会回顾■□
2025年新年戏曲晚会：https://www.youtube.com/watch?v=FxckOVe7RgU&list=PLt1zKFJXVcUlAvmf8SoQOSU6M-ZR4lmqt&index=1
2024年新年戏曲晚会：https://www.youtube.com/watch?v=Lp37zHUVe5w&list=PLt1zKFJXVcUnrLzl-eIRVcmjIO7NEfj-_&index=1
2023年新年戏曲晚会：https://www.youtube.com/watch?v=PpeR3Lw_D5o&list=PLt1zKFJXVcUlTG9weaWAxMBNPZ8758QXP&index=1
2022年新年戏曲晚会：https://www.youtube.com/watch?v=ao9VY2YXKfU&list=PLt1zKFJXVcUk0_XqRm54jeHAM6rtS5yaY&index=1
2021年新年戏曲晚会：https://www.youtube.com/watch?v=WRg5PyDD-s0&list=PLt1zKFJXVcUkMNCfShgpIgaciqmklVnnl&index=1
2020年新年戏曲晚会：https://www.youtube.com/watch?v=1UvXQNrD-DU&list=PLt1zKFJXVcUlvEt7KJLG9YqmkUOPPp7k7&index=1",中华戏韵,UC2aWa2L_rVzIrYmmjjEEEog,20260104,1767524466,3900,69557,608.0,25.0,https://www.youtube.com/watch?v=b6Bymi7Jl6o,public,not_live,,央视晚会|cctv戏曲|戏曲晚会2026|皮黄迎新年|江州送酒|戏曲演到家门前|春莺出谷|田耕牛本传|红灯记|雁荡山|国粹流韵|京剧武戏|京剧武打|红灯记选段|红灯记 京剧|戲曲|京剧|CCTV|新年|戏曲晚会|2026戏曲晚会|2026|2026新年戏曲|2026新年晚会|央视戏曲晚会|新年戏曲晚会|央视戏曲|傳統文化|评剧|昆曲|河北梆子|越剧|秦腔|豫剧|黄梅戏|戏曲名段|京剧选段|黄梅戏选段|豫剧选段|评剧选段|京劇|評劇|梅兰芳|程砚秋|常香玉|小白玉霜|周信芳|马连良|谭富英|越劇|豫劇|黄梅戲|戲曲名段|京劇選段|黄梅戲選段|豫劇選段|評劇選段|中华戏韵|中華戲韻|cctv戲曲,Entertainment,https://i.ytimg.com/vi/b6Bymi7Jl6o/maxresdefault.jpg,2026-07-24T07:42:43+00:00,yt-dlp public YouTube metadata extractor
1fFy-dCtWog,general_simplified,京剧,18,2010年戏曲晚会 京剧 《双投唐》 选段  孟广禄 杜镇杰,2010年戏曲晚会 京剧 《双投唐》 选段  孟广禄 杜镇杰,Joey “Amd103” Sun,UCNw_zCCeigA6K56YeZ4vHrA,20100215,1266252285,270,590562,1681.0,217.0,https://www.youtube.com/watch?v=1fFy-dCtWog,public,not_live,,2010年戏曲晚会|京剧|双投唐|选段|孟广禄|杜镇杰,Music,https://i.ytimg.com/vi/1fFy-dCtWog/hqdefault.jpg?sqp=-oaymwEmCOADEOgC8quKqQMa8AEB-AHeA4AC6AKKAgwIABABGFogRihlMA8=&rs=AOn4CLAdvkpwjnIdCjG2RDjGsyFS6p-GAA,2026-07-24T07:42:43+00:00,yt-dlp public YouTube metadata extractor
X3wPSVrQR_I,general_simplified,京剧,19,王艳 杜镇杰 杨赤带来京剧《沙家浜·智斗》阿庆嫂眼观六路耳听八方《2025年新年戏曲晚会》| 中华戏韵,"#戏曲 #新年 #2025 #戏曲晚会
京剧《沙家浜·智斗》，表演者：王艳、杜镇杰、杨赤。

《2025年新年戏曲晚会》播放列表：https://www.youtube.com/playlist?list=PLt1zKFJXVcUlAvmf8SoQOSU6M-ZR4lmqt
【订阅中华戏韵频道】：https://bit.ly/32iZfYI

■□新年戏曲晚会回顾■□
2024年新年戏曲演唱会：https://www.youtube.com/watch?v=Lp37zHUVe5w&list=PLt1zKFJXVcUnrLzl-eIRVcmjIO7NEfj-_&index=1
2023年新年戏曲演唱会：https://www.youtube.com/watch?v=PpeR3Lw_D5o&list=PLt1zKFJXVcUlTG9weaWAxMBNPZ8758QXP&index=1
2022年新年戏曲演唱会：https://www.youtube.com/watch?v=ao9VY2YXKfU&list=PLt1zKFJXVcUk0_XqRm54jeHAM6rtS5yaY&index=1
2021年新年戏曲演唱会：https://www.youtube.com/watch?v=WRg5PyDD-s0&list=PLt1zKFJXVcUkMNCfShgpIgaciqmklVnnl&index=1
2020年新年戏曲演唱会：https://www.youtube.com/watch?v=1UvXQNrD-DU&list=PLt1zKFJXVcUlvEt7KJLG9YqmkUOPPp7k7&index=1",中华戏韵,UC2aWa2L_rVzIrYmmjjEEEog,20250101,1735736908,405,37128,146.0,6.0,https://www.youtube.com/watch?v=X3wPSVrQR_I,public,not_live,,戲曲|京剧|CCTV|cctv戏曲|新年|新年戏曲晚会|沙家浜|沙家浜智斗|阿庆嫂|刁德一|国民党|共产党|王艳|杜镇杰|杨赤|2025戏曲晚会|2025|沙家浜智鬥|阿慶嫂|國民黨|共產黨|王豔|杜鎮傑|楊赤|西厢记|秦香莲|刘巧儿|天仙配|皿方罍|杨门女将|孟广禄|袁媛|董圆圆|李博|2025新年戏曲|2025新年晚会|央视戏曲晚会|西廂記|秦香蓮|劉巧兒|楊門女將|孟廣祿|董圓圓|央视晚会|央视戏曲|傳統文化|评剧|昆曲|河北梆子|越剧|秦腔|豫剧|黄梅戏|戏曲名段|京剧选段|黄梅戏选段|豫剧选段|评剧选段|京劇|評劇|梅兰芳|程砚秋|常香玉|小白玉霜|周信芳|马连良|谭富英|越劇|豫劇|黄梅戲|戲曲名段|京劇選段|黄梅戲選段|豫劇選段|評劇選段|中华戏韵|中華戲韻|cctv戲曲,Entertainment,https://i.ytimg.com/vi/X3wPSVrQR_I/maxresdefault.jpg,2026-07-24T07:42:43+00:00,yt-dlp public YouTube metadata extractor
xKI4MYEWsYQ,general_simplified,京剧,20,京剧《春草闯堂》张佳春 徐孟珂 2023版,awsl,YBC Y,UCyoriSDEC6vw6Ya9etUCidg,20240625,1719278251,9629,15541,134.0,8.0,https://www.youtube.com/watch?v=xKI4MYEWsYQ,public,not_live,,京剧|张佳春|春草闯堂|春草闖堂|張佳春|京劇|60幀|Chuncao Making Her Way to the Court,Gaming,https://i.ytimg.com/vi/xKI4MYEWsYQ/maxresdefault.jpg,2026-07-24T07:42:43+00:00,yt-dlp public YouTube metadata extractor
zyg2sT4iSRA,general_traditional,京劇,1,[2014年春晚]京剧《同光十三绝》 表演者：国家京剧院一团,"[2014年春晚]京剧《同光十三绝》 表演者：国家京剧院一团
中国中央电视台春节联欢晚会简称春晚，是中国规模最大、最受关注、收视率最高、影响力最大的综艺性晚会。",CCTV春晚,UCjnJ4buqbnpRVaT3IDUQPZQ,20151228,1451289670,408,339290,3921.0,104.0,https://www.youtube.com/watch?v=zyg2sT4iSRA,public,not_live,,央视春节晚会|央视春晚|春晚|中国中央电视台|晚会|文艺晚会|The Spring Festival Gala CCTV,News & Politics,https://i.ytimg.com/vi/zyg2sT4iSRA/maxresdefault.jpg,2026-07-24T07:42:43+00:00,yt-dlp public YouTube metadata extractor
WrXfW6cnil4,general_traditional,京劇,2,京剧名家王艳眉眼婉转，唱腔柔脆媚美 京剧《霸王别姬》（王艳 饰 虞姬，黄齐峰、王嘉庆 饰 项羽）来自 《中国京剧像音像集萃》| 中华戏韵,"#戏曲 #戏曲名段 #戏曲经典 #京剧 #opera #beijingopera 
本期节目主要内容：
秦末，楚汉相争，韩信命李左车诈降项羽，诓项羽进兵。在九里山十面埋伏，将项羽困于垓下。项羽突围不出，又听到四面楚歌，疑楚军尽已降汉，在营中与虞姬饮酒作别。虞姬自刎，项羽杀出重围，至乌江，感到无面目见江东父老，自刎江边。王艳 饰 虞姬；黄齐峰 王嘉庆 饰 项羽。

►▷《中国京剧像音像集萃》播放列表：http://bit.ly/3yf74iT
【订阅中华戏韵频道】：https://bit.ly/32iZfYI

■□更多中华戏韵精彩节目列表■□
京剧集锦·播放列表：https://bit.ly/3Wyjk8e
评剧集锦·播放列表：https://bit.ly/3vvzAv2
豫剧集锦·播放列表：https://bit.ly/3DeanKC
越剧集锦·播放列表：https://bit.ly/3TjniQM
黄梅戏集锦·播放列表：https://bit.ly/3MMoCsX",中华戏韵,UC2aWa2L_rVzIrYmmjjEEEog,20190410,1554895918,7422,293773,3137.0,61.0,https://www.youtube.com/watch?v=WrXfW6cnil4,public,not_live,,戏曲|京剧|京剧霸王别姬|霸王别姬|王艳|虞姬|黄齐峰|王嘉庆|项羽|张国荣|张丰毅|陈凯歌|程派名剧|京剧程派|程派名家|青衣|史剧|历史故事|opera|beijing opera|Beijing|戲曲|京劇|京劇霸王別姬|霸王別姬|王豔|黃齊峰|王嘉慶|項羽|張國榮|張豐毅|陳凱歌|程派名劇|京劇程派|史劇|曆史故事|古装剧|古装片|古裝劇|古裝片|像音像|评剧|豫剧|黄梅戏|戏曲频道|CCTV戏曲|戏曲名段|京剧选段|黄梅戏选段|豫剧选段|评剧选段|艺术|曲艺|傳統藝術|國粹|国粹|程硯秋|荀慧生|常香玉|小白玉霜|周信芳|马连良|裘盛戎|谭富英|戲曲名段|評劇|豫劇|黄梅戲|河北梆子|粤剧|秦腔|戲曲頻道|CCTV戲曲|CCTV|CCTV11|央视戏曲|中国京剧像音像集萃|中國京劇像音像集萃|京剧名家|京剧新人|京剧小生|京劇名家|京劇新人|京劇小生|中华戏韵|中華戲韵,Entertainment,https://i.ytimg.com/vi/WrXfW6cnil4/maxresdefault.jpg,2026-07-24T07:42:43+00:00,yt-dlp public YouTube metadata extractor
S5zHFHU4sH4,general_traditional,京劇,3,京剧《牧虎关》（舒桐 饰 高旺，尚照刚 饰 张保）来自《中国京剧像音像集萃》| CCTV戏曲,"【订阅CCTV戏曲频道】：https://bit.ly/32iZfYI

■□更多CCTV戏曲精彩节目列表■□
京剧集锦·播放列表：https://bit.ly/3AxUtqk
评剧集锦·播放列表：https://bit.ly/3hJpxMq
豫剧集锦·播放列表：https://bit.ly/3EqMuxQ
越剧集锦·播放列表：https://bit.ly/3zkylyx
黄梅戏集锦·播放列表：https://bit.ly/3nIQSCp

■□更多精彩视频，请关注我们■□
CCTV中国中央电视台：https://bit.ly/32loVDW
CCTV电视剧：https://bit.ly/2HOMYBJ
CCTV纪录：https://bit.ly/3c4UlTp
CCTV科教：https://bit.ly/2HN7yCr

■□关注CCTV系列帐号 Like us on Facebook■□
Facebook（中文）: https://www.facebook.com/CCTV.CH/ 
Facebook（英文）: https://www.facebook.com/cctvcom",中华戏韵,UC2aWa2L_rVzIrYmmjjEEEog,20220210,1644506200,4370,17063,168.0,3.0,https://www.youtube.com/watch?v=S5zHFHU4sH4,public,not_live,,京剧 牧虎关|中国京剧音配像精粹|中國京劇音配像精粹|戏曲|京剧|评剧|豫剧|越剧|黄梅戏|戏曲频道|CCTV戏曲|戲曲|戏曲名段|京剧选段|黄梅戏选段|豫剧选段|评剧选段|艺术|曲艺|傳統藝術|國粹|国粹|梅蘭芳|尚小雲|程硯秋|荀慧生|常香玉|小白玉霜|周信芳|马连良|裘盛戎|谭富英|戲曲名段|京劇|評劇|豫劇|越劇|黃梅戲|河北梆子|粤剧|秦腔|戲曲頻道|CCTV戲曲|CCTV|CCTV11|央视戏曲,Entertainment,https://i.ytimg.com/vi/S5zHFHU4sH4/maxresdefault.jpg,2026-07-24T07:42:43+00:00,yt-dlp public YouTube metadata extractor
7A26Jlt_PkM,general_traditional,京劇,4,京剧《望江亭》来自 《中国京剧像音像集萃》 20190218 | CCTV戏曲,"本期节目主要内容： 京剧《望江亭》主要讲述谭记儿在望江亭内设计对付权贵杨衙内的故事，意在表现了谭记儿的机智、勇敢。王润菁饰谭记儿，宋小川饰白士中，吕昆山饰杨衙内。 

《中国京剧音配像精粹》是在一项文化工程，为祖国的文化事业留下了一份宝贵财富。录制京剧音配像的主要目的是为了京剧艺术的抢救、传留和振兴。京剧音配像的剧目大部分是20世纪40年代后期到60年代前期京剧舞台上的艺术珍品，有的还追溯到上个世纪初，涉及京剧各个行当、各个流派，基本囊括了近代京剧黄金时代大部分名家的代表作。

《中国京剧音配像精粹》官方高清播放列表：https://goo.gl/8dj7E6

【订阅CCTV戏曲官方频道】: https://goo.gl/i1pRSj

■□更多CCTV戏曲精彩节目官方高清■□
《空中剧院》官方高清播放列表：https://goo.gl/e6oy5q
《一鸣惊人》官方高清播放列表：https://goo.gl/FG3JkL
《九州大戏台》官方高清播放列表：https://goo.gl/WDjXBf
2018《跟我学》官方高清播放列表：https://goo.gl/FevYRP
《戏曲采风》官方高清播放列表：https://goo.gl/6tmVJ6
《梨园闯关我挂帅》官方高清播放列表：https://goo.gl/VLdagg
2018《青春戏苑》官方高清播放列表：https://goo.gl/5iuUti
2018《快乐戏园》官方高清播放列表：https://goo.gl/HQMPwW
2018《名段欣赏》官方高清播放列表：https://goo.gl/fWKMr4


■□关注更多精彩官方视频，请关注我们■□
CCTV春晚: http://goo.gl/A9V00o
CCTV中文国际: http://goo.gl/HcZaeZ
CCTV中国中央电视台:https://goo.gl/gYT8W8
CCTV科教：https://goo.gl/qpJZuB
CCTV综艺：https://goo.gl/34d95K
CCTV财经：https://goo.gl/28LqrU
CCTV少儿：https://goo.gl/VFauqN
CCTV电视剧：https://goo.gl/nFq3bC

■□关注CCTV其他平台官方账号■□
Facebook: https://www.facebook.com/cctvcom
Twitter: https://twitter.com/CCTV
Instagram: http://instagram.com/cctv",中华戏韵,UC2aWa2L_rVzIrYmmjjEEEog,20190218,1550487999,6729,39601,255.0,8.0,https://www.youtube.com/watch?v=7A26Jlt_PkM,public,not_live,,望江亭|谭记|吕昆山|宋小川|白士中|杨衙内|中国京剧音配像精粹|中國京劇音配像精粹|戏曲|艺术|京剧|曲艺|国粹|录制京剧|文化工程|艺术珍品,Entertainment,https://i.ytimg.com/vi/7A26Jlt_PkM/hqdefault.jpg,2026-07-24T07:42:43+00:00,yt-dlp public YouTube metadata extractor
2RbBnUt2TaM,general_traditional,京劇,5,京剧《锁麟囊》（张火丁 饰 薛湘灵，徐畅 饰 赵守贞）来自《中国京剧像音像集萃》| CCTV戏曲,"【订阅CCTV戏曲频道】：https://bit.ly/32iZfYI

■□更多CCTV戏曲精彩节目列表■□
京剧集锦·播放列表：https://bit.ly/3AxUtqk
评剧集锦·播放列表：https://bit.ly/3hJpxMq
豫剧集锦·播放列表：https://bit.ly/3EqMuxQ
越剧集锦·播放列表：https://bit.ly/3zkylyx
黄梅戏集锦·播放列表：https://bit.ly/3nIQSCp

■□更多精彩视频，请关注我们■□
CCTV中国中央电视台：https://bit.ly/32loVDW
CCTV电视剧：https://bit.ly/2HOMYBJ
CCTV纪录：https://bit.ly/3c4UlTp
CCTV科教：https://bit.ly/2HN7yCr

■□关注CCTV系列帐号 Like us on Facebook■□
Facebook（中文）: https://www.facebook.com/CCTV.CH/ 
Facebook（英文）: https://www.facebook.com/cctvcom",中华戏韵,UC2aWa2L_rVzIrYmmjjEEEog,20220310,1646910001,8999,97428,1010.0,41.0,https://www.youtube.com/watch?v=2RbBnUt2TaM,public,not_live,,锁麟囊|张火丁|中国京剧音配像精粹|中國京劇音配像精粹|戏曲|京剧|评剧|豫剧|越剧|黄梅戏|戏曲频道|CCTV戏曲|戲曲|戏曲名段|京剧选段|黄梅戏选段|豫剧选段|评剧选段|艺术|曲艺|傳統藝術|國粹|国粹|梅蘭芳|尚小雲|程硯秋|荀慧生|常香玉|小白玉霜|周信芳|马连良|裘盛戎|谭富英|戲曲名段|京劇|評劇|豫劇|越劇|黃梅戲|河北梆子|粤剧|秦腔|戲曲頻道|CCTV戲曲|CCTV|CCTV11|央视戏曲,Entertainment,https://i.ytimg.com/vi/2RbBnUt2TaM/maxresdefault.jpg,2026-07-24T07:42:43+00:00,yt-dlp public YouTube metadata extractor
e1BhZYBhYgw,general_traditional,京劇,6,孟广禄演绎京剧《铡美案》选段，裘派花脸再现巅峰唱功，“尊一声驸马爷细听端的” 来自《中国戏曲大会》| 中华戏韵,"#戏曲 #戏曲名段 #戏曲经典 #京剧 
京剧《铡美案》选段 演出单位：天津青年京剧团，孟广禄 饰 包拯。

剧情简介：北宋年间，陈世美停妻另娶，招为附马，秦香莲带领一双儿女京城寻夫，陈世美非但不认，反差韩琪杀人灭口，韩琪仗义自杀。秦香莲告至开封府，包拯不顾皇家威吓，秉公执法，铡了驸马陈世美，为秦香莲报仇伸冤。

►▷《中国戏曲大会》播放列表：https://bit.ly/3DvtujF
【订阅中华戏韵频道】：https://bit.ly/2RA8tef

■□更多中华戏韵精彩节目列表■□
京剧集锦·播放列表：https://bit.ly/3Wyjk8e
评剧集锦·播放列表：https://bit.ly/3vvzAv2
豫剧集锦·播放列表：https://bit.ly/3DeanKC
越剧集锦·播放列表：https://bit.ly/3TjniQM
黄梅戏集锦·播放列表：https://bit.ly/3MMoCsX",中华戏韵,UC2aWa2L_rVzIrYmmjjEEEog,20170808,1502173439,327,482241,8137.0,202.0,https://www.youtube.com/watch?v=e1BhZYBhYgw,public,not_live,,戲曲|京劇|鍘美案|包公|包拯|孟广禄|裘派名家|京剧裘派|天津京剧团|孟广禄包公|孟广禄铡美案|秦香蓮|包公案|百家公案|陳世美|辛寶達|李長春|狀元|宋仁宗|孟廣祿|京劇裘派|天津京劇團|孟廣祿包公|孟廣祿鍘美案|駙馬|韓琪|自盡|凶手|展昭|發配邊疆|祺家夫婦|祺大娘|公主|太后|龍頭鍘|狀告|皇上|君王|CCTV|cctv戏曲|China|戏曲频道|CCTV戏曲|戏曲名段|京剧选段|黄梅戏选段|豫剧选段|评剧选段|艺术|曲艺|傳統藝術|國粹|国粹|梅蘭芳|尚小雲|程硯秋|荀慧生|常香玉|小白玉霜|周信芳|马连良|裘盛戎|谭富英|戲曲名段|黃梅戲|粤剧|秦腔|戲曲頻道|CCTV戲曲|CCTV11|央视戏曲|中华戏韵|中華戲韵|中国戏曲大会|中國戲曲大會|中華戲韻,Entertainment,https://i.ytimg.com/vi/e1BhZYBhYgw/maxresdefault.jpg,2026-07-24T07:42:43+00:00,yt-dlp public YouTube metadata extractor
Zmi4IhaW7kY,general_traditional,京劇,7,杜近芳爱徒付佳传承衣钵 步履轻飘 文武兼擅 演出仙姝的惊艳清丽 京剧《白蛇传》（付佳 饰 白素贞，张兵 饰 许仙）来自《中国戏曲像音像集萃》| 中华戏韵,"#戏曲 #戏曲名段 #戏曲经典 #京剧 #opera #beijingopera 
本期节目主要内容：白蛇白素贞与青蛇小青在西湖边偶遇许仙，白素贞与许仙一见钟情，两人喜结连理。端午节时白素贞因饮雄黄酒显现蛇形，将许仙吓死。白素贞盗回仙草，许仙得救。许仙复活后被法海关在金山寺内，白素贞与小青水漫金山欲救许仙。白素贞产下一子后，法海前来捉拿白素贞，把白素贞压在雷峰塔下。付佳 饰 白素贞，张兵 饰 许仙，白玮琛 饰 小青，谭帅 饰 法海。

►▷《中国戏曲像音像集萃》播放列表：https://bit.ly/3Q1h6MK
【订阅中华戏韵频道】：https://bit.ly/32iZfYI

■□更多中华戏韵精彩节目列表■□
京剧集锦·播放列表：https://bit.ly/3Wyjk8e
评剧集锦·播放列表：https://bit.ly/3vvzAv2
豫剧集锦·播放列表：https://bit.ly/3DeanKC
越剧集锦·播放列表：https://bit.ly/4aP4kK7
黄梅戏集锦·播放列表：http://bit.ly/3ySNOYL",中华戏韵,UC2aWa2L_rVzIrYmmjjEEEog,20241222,1734865242,9667,11434,174.0,4.0,https://www.youtube.com/watch?v=Zmi4IhaW7kY,public,not_live,,戏曲|京剧|cctv戏曲|白蛇传|白娘子|白素贞|杜近芳|杭州|雷峰塔|小青|许仙|赵雅芝|付佳|张兵|白玮琛|谭帅|法海|国家京剧院|国家一级演员|戏剧梅花奖|古装|opera|beijing opera|Beijing|戲曲|京劇|cctv戲曲|白蛇傳|白素貞|許仙|趙雅芝|張兵|白瑋琛|譚帥|國家一級演員|戲劇梅花獎|古裝|史剧|古装剧|古装片|史劇|古裝劇|古裝片|像音像|豫剧|戏曲频道|CCTV戏曲|戏曲名段|京剧选段|黄梅戏选段|豫剧选段|评剧选段|艺术|曲艺|傳統藝術|國粹|国粹|常香玉|小白玉霜|周信芳|马连良|谭富英|戲曲名段|越劇|豫劇|黄梅戲|河北梆子|秦腔|戲曲頻道|CCTV戲曲|CCTV|CCTV11|央视戏曲|中国京剧像音像集萃|中國京劇像音像集萃|京剧名家|京剧新人|京劇名家|中华戏韵|中華戲韵,Entertainment,https://i.ytimg.com/vi/Zmi4IhaW7kY/maxresdefault.jpg,2026-07-24T07:42:43+00:00,yt-dlp public YouTube metadata extractor
DHrUul8IMWs,general_traditional,京劇,8,京剧《珠帘寨》来自 《中国京剧像音像集萃》 20190708 | CCTV戏曲,"本期节目主要内容：程敬思奉唐王命至沙陀李克用处搬兵，李因曾受谪贬，心怀怨恨，不肯发兵。程复求李二妻曹月娥、刘银屏，刘允起兵，李惧内，不敢阻止。军至珠帘寨，周德威阻路，众太保不敌，刘激李克用出战，不分胜负，比试箭法，他箭射双雕，周心服，归降。张克饰李克用，卢松饰程敬思，刘淑云饰二皇娘。 

《中国京剧音配像精粹》是在一项文化工程，为祖国的文化事业留下了一份宝贵财富。录制京剧音配像的主要目的是为了京剧艺术的抢救、传留和振兴。京剧音配像的剧目大部分是20世纪40年代后期到60年代前期京剧舞台上的艺术珍品，有的还追溯到上个世纪初，涉及京剧各个行当、各个流派，基本囊括了近代京剧黄金时代大部分名家的代表作。

《中国京剧音配像精粹》官方高清播放列表：https://goo.gl/8dj7E6

【订阅CCTV戏曲官方频道】: https://goo.gl/i1pRSj

■□更多CCTV戏曲精彩节目官方高清■□
《空中剧院》官方高清播放列表：https://goo.gl/e6oy5q
《一鸣惊人》官方高清播放列表：https://goo.gl/FG3JkL
《九州大戏台》官方高清播放列表：https://goo.gl/WDjXBf
2018《跟我学》官方高清播放列表：https://goo.gl/FevYRP
《戏曲采风》官方高清播放列表：https://goo.gl/6tmVJ6
《梨园闯关我挂帅》官方高清播放列表：https://goo.gl/VLdagg
2018《青春戏苑》官方高清播放列表：https://goo.gl/5iuUti
2018《快乐戏园》官方高清播放列表：https://goo.gl/HQMPwW
2018《名段欣赏》官方高清播放列表：https://goo.gl/fWKMr4


■□关注更多精彩官方视频，请关注我们■□
CCTV春晚: http://goo.gl/A9V00o
CCTV中文国际: http://goo.gl/HcZaeZ
CCTV中国中央电视台:https://goo.gl/gYT8W8
CCTV科教：https://goo.gl/qpJZuB
CCTV综艺：https://goo.gl/34d95K
CCTV财经：https://goo.gl/28LqrU
CCTV少儿：https://goo.gl/VFauqN
CCTV电视剧：https://goo.gl/nFq3bC

■□关注CCTV其他平台官方账号■□
Facebook: https://www.facebook.com/cctvcom
Twitter: https://twitter.com/CCTV
Instagram: http://instagram.com/cctv",中华戏韵,UC2aWa2L_rVzIrYmmjjEEEog,20190707,1562532598,7330,25178,185.0,7.0,https://www.youtube.com/watch?v=DHrUul8IMWs,public,not_live,,中国京剧音配像精粹|中國京劇音配像精粹|珠帘寨|张克|李克用|卢松|程敬思|刘淑云|二皇娘|珠簾寨|張克|盧松|劉淑雲|戏曲|艺术|京剧|曲艺|国粹|录制京剧|文化工程|艺术珍品|CCTV|CCTV11|戏曲频道|央视戏曲|藝術|京劇|曲藝|國粹|錄製京劇|藝術珍品|戲曲頻道|央視戲曲,Entertainment,https://i.ytimg.com/vi/DHrUul8IMWs/maxresdefault.jpg,2026-07-24T07:42:43+00:00,yt-dlp public YouTube metadata extractor
5AgcR3VVgfg,general_traditional,京劇,9,京剧《三娘教子》【王艳 饰 王春娥，赵华 饰 薛保，史绍跃 饰 薛倚哥（前），邵海龙 饰 张氏】来自《中国京剧像音像集萃》| CCTV戏曲,"本期节目主要内容：
王春娥与薛保含辛茹苦抚养薛倚，薛倚在学堂被同学讥为无母之儿，气愤回家，遂不认三娘为母，春娥怒以刀断机布，以示决绝，幸薛保竭诚劝导，母子始和好如初。王艳 饰 王春娥，赵华 饰 薛保，史绍跃 饰 薛倚哥（前），邵海龙 饰 张氏。

《京剧像音像》遵循京剧艺术自身的规律，将当代优秀中青年演员的代表剧目依托现代科技手段，采用先在舞台取像，然后由演员自己录音、配像，最后录制合成的方式，使音与像都达到最完美的艺术效果，还通过电视栏目和音像制品的形式，让京剧艺术进入千家万户。

#京剧 #三娘教子 #王春娥 #状元

【订阅CCTV戏曲频道】：https://bit.ly/32iZfYI

■□更多CCTV戏曲精彩节目列表■□
京剧集锦·播放列表：https://bit.ly/3AxUtqk
评剧集锦·播放列表：https://bit.ly/3hJpxMq
豫剧集锦·播放列表：https://bit.ly/3EqMuxQ
越剧集锦·播放列表：https://bit.ly/3zkylyx
黄梅戏集锦·播放列表：https://bit.ly/3nIQSCp

■□更多精彩视频，请关注我们■□
CCTV中国中央电视台：https://bit.ly/32loVDW
CCTV电视剧：https://bit.ly/2HOMYBJ
CCTV纪录：https://bit.ly/3c4UlTp
CCTV科教：https://bit.ly/2HN7yCr

■□关注CCTV系列帐号 Like us on Facebook■□
Facebook（中文）: https://www.facebook.com/CCTV.CH/ 
Facebook（英文）: https://www.facebook.com/cctvcom",中华戏韵,UC2aWa2L_rVzIrYmmjjEEEog,20220808,1659956405,9810,32179,205.0,3.0,https://www.youtube.com/watch?v=5AgcR3VVgfg,public,not_live,,中国京剧音配像精粹|三娘教子|中國京劇音配像精粹|戏曲|京剧|王艳|王春娥|赵华|薛保|史绍跃|薛倚哥（前）|邵海龙|张氏|镇江|金榜题名|状元|母子|家庭教育|父母|感恩图报|感恩|科举制|评剧|豫剧|越剧|黄梅戏|戏曲频道|明末清初戏曲|CCTV戏曲|戲曲|戏曲名段|京剧选段|黄梅戏选段|豫剧选段|评剧选段|艺术|曲艺|傳統藝術|國粹|国粹|明代|儒生|儒学|孔孟之道|孔夫子|孔子|戲曲名段|京劇|評劇|豫劇|越劇|黃梅戲|河北梆子|粤剧|秦腔|戲曲頻道|CCTV戲曲|CCTV|CCTV11|央视戏曲,Entertainment,https://i.ytimg.com/vi/5AgcR3VVgfg/maxresdefault.jpg,2026-07-24T07:42:43+00:00,yt-dlp public YouTube metadata extractor
OTzfpCivJ1w,general_traditional,京劇,10,《中国戏曲像音像集萃》 20250717 京剧《文姬归汉》 | 中华戏韵,"本期节目主要内容：
    汉末，中原战乱。名儒蔡邕之女蔡琰，在乱军中，被南匈奴左贤王所俘，后结为夫妇。汉丞相曹操，欲续修“汉书”，于公元208年（建安十三年春），遣使周近赴南匈奴迎回蔡琰，以继承先父遗志。李海燕 饰 蔡文姬，魏积军 饰 左贤王。
（《中国戏曲像音像集萃》 20250717 京剧《文姬归汉》）
#戏曲 #戏曲名段 #戏曲经典 #京剧 #opera #beijingopera 
►▷《中国戏曲像音像集萃》播放列表：https://bit.ly/3Q1h6MK
【订阅中华戏韵频道】：https://bit.ly/32iZfYI

■□更多中华戏韵精彩节目列表■□
京剧集锦·播放列表：https://bit.ly/3Wyjk8e
评剧集锦·播放列表：https://bit.ly/3vvzAv2
豫剧集锦·播放列表：https://bit.ly/3DeanKC
越剧集锦·播放列表：https://bit.ly/4fvQ6Bs
黄梅戏集锦·播放列表：http://bit.ly/3ySNOYL",中华戏韵,UC2aWa2L_rVzIrYmmjjEEEog,20251209,1765278048,7535,4585,48.0,2.0,https://www.youtube.com/watch?v=OTzfpCivJ1w,public,not_live,,中国京剧音配像精粹|中國京劇音配像精粹|戏曲|京剧|评剧|豫剧|越剧|黄梅戏|戏曲频道|CCTV戏曲|戲曲|戏曲名段|京剧选段|黄梅戏选段|豫剧选段|评剧选段|艺术|曲艺|傳統藝術|國粹|国粹|梅蘭芳|尚小雲|程硯秋|荀慧生|常香玉|小白玉霜|周信芳|马连良|裘盛戎|谭富英|戲曲名段|京劇|評劇|豫劇|越劇|黃梅戲|河北梆子|粤剧|秦腔|戲曲頻道|CCTV戲曲|CCTV|CCTV11|央视戏曲,Entertainment,https://i.ytimg.com/vi/OTzfpCivJ1w/maxresdefault.jpg,2026-07-24T07:42:43+00:00,yt-dlp public YouTube metadata extractor
7yfavaQ8iBM,general_traditional,京劇,11,京剧《棋盘山》（郭凡嘉 饰 窦仙童，郝仕鹏 饰 薛丁山）来自《中国京剧像音像集萃》| CCTV戏曲,"【订阅CCTV戏曲频道】：https://bit.ly/32iZfYI

■□更多CCTV戏曲精彩节目列表■□
京剧集锦·播放列表：https://bit.ly/3AxUtqk
评剧集锦·播放列表：https://bit.ly/3hJpxMq
豫剧集锦·播放列表：https://bit.ly/3EqMuxQ
越剧集锦·播放列表：https://bit.ly/3zkylyx
黄梅戏集锦·播放列表：https://bit.ly/3nIQSCp

■□更多精彩视频，请关注我们■□
CCTV中国中央电视台：https://bit.ly/32loVDW
CCTV电视剧：https://bit.ly/2HOMYBJ
CCTV纪录：https://bit.ly/3c4UlTp
CCTV科教：https://bit.ly/2HN7yCr

■□关注CCTV系列帐号 Like us on Facebook■□
Facebook（中文）: https://www.facebook.com/CCTV.CH/ 
Facebook（英文）: https://www.facebook.com/cctvcom",中华戏韵,UC2aWa2L_rVzIrYmmjjEEEog,20220408,1649415607,7510,38018,344.0,4.0,https://www.youtube.com/watch?v=7yfavaQ8iBM,public,not_live,,薛丁山|棋盘山京剧|中国京剧音配像精粹|中國京劇音配像精粹|戏曲|京剧|评剧|豫剧|越剧|黄梅戏|戏曲频道|CCTV戏曲|戲曲|戏曲名段|京剧选段|黄梅戏选段|豫剧选段|评剧选段|艺术|曲艺|傳統藝術|國粹|国粹|梅蘭芳|尚小雲|程硯秋|荀慧生|常香玉|小白玉霜|周信芳|马连良|裘盛戎|谭富英|戲曲名段|京劇|評劇|豫劇|越劇|黃梅戲|河北梆子|粤剧|秦腔|戲曲頻道|CCTV戲曲|CCTV|CCTV11|央视戏曲,Entertainment,https://i.ytimg.com/vi/7yfavaQ8iBM/maxresdefault.jpg,2026-07-24T07:42:43+00:00,yt-dlp public YouTube metadata extractor
TANXRZfD1J4,general_traditional,京劇,12,LIVE丨海派京剧连本台戏《七侠五义》（上本）中文字幕#上海京剧院 #第十届中国京剧艺术节,"【剧情简介】北宋，地方藩王蠢蠢欲动，仁宗广纳贤士，以固国土。包拯举荐展昭，深受宋仁宗青睐，被封为四品带刀护卫，钦赐封号“御猫”。松江府陷空岛结义弟兄钻天鼠卢方、彻地鼠韩彰、穿山鼠徐庆、翻江鼠蒋平、锦毛鼠白玉堂人称五义，享有盛名。白玉堂受人蛊惑，私上东京，要与展昭一争短长。卢方、韩彰、徐庆、蒋平先后赶赴东京解劝。白玉堂抵京，潜入皇宫，杀死图谋害人的太监郭安，题诗留名。宋仁宗钦慕白玉堂，命展昭寻访。

00:00:00 片头
00:01:00 第一场 试艺封猫 北宋仁宗年间
00:13:12 第二场 访鼠离岛 松江府 卢家庄
00:29:26 第三场 杀监题诗 御花园
00:38:53 第四场 茶坊行侠 东京城内 小茶坊
00:58:15 第五场 猫鼠盗契 贾府库房
01:04:36 第六场 假猫毙命 东京街道
01:12:09 第七场 夜闹开封 开封大堂
01:20:34 第八场 劝弟诓药 开封府衙前
01:32:29 第九场 智盗三宝 开封书房
01:36:55 第十场 猫鼠相会 芦花荡外
01:53:46 第十一场 御猫落阱 松江府郊外
02:02:58 第十二场 闹海翻江 陷空岛五义厅外

#京剧 #海派京剧 #连本台戏 #七侠五义 #戏曲 #chineseopera #live",梨园华章 Melodies from the East,UCZvE2SD-2SJodDN3UxNF_gA,20240110,1704866962,8358,3655,63.0,2.0,https://www.youtube.com/watch?v=TANXRZfD1J4,public,was_live,,,Music,https://i.ytimg.com/vi/TANXRZfD1J4/maxresdefault.jpg,2026-07-24T07:42:43+00:00,yt-dlp public YouTube metadata extractor
jFqizI18ww0,general_traditional,京劇,13,京剧《白良关》（魏积军 饰 尉迟恭，蔡景超 饰 尉迟宝林）来自《中国京剧像音像集萃》| CCTV戏曲,"【订阅CCTV戏曲频道】：https://bit.ly/32iZfYI

■□更多CCTV戏曲精彩节目列表■□
京剧集锦·播放列表：https://bit.ly/3AxUtqk
评剧集锦·播放列表：https://bit.ly/3hJpxMq
豫剧集锦·播放列表：https://bit.ly/3EqMuxQ
越剧集锦·播放列表：https://bit.ly/3zkylyx
黄梅戏集锦·播放列表：https://bit.ly/3nIQSCp

■□更多精彩视频，请关注我们■□
CCTV中国中央电视台：https://bit.ly/32loVDW
CCTV电视剧：https://bit.ly/2HOMYBJ
CCTV纪录：https://bit.ly/3c4UlTp
CCTV科教：https://bit.ly/2HN7yCr

■□关注CCTV系列帐号 Like us on Facebook■□
Facebook（中文）: https://www.facebook.com/CCTV.CH/ 
Facebook（英文）: https://www.facebook.com/cctvcom",中华戏韵,UC2aWa2L_rVzIrYmmjjEEEog,20220320,1647774017,4970,15092,134.0,2.0,https://www.youtube.com/watch?v=jFqizI18ww0,public,not_live,,京剧《白良关》|京剧《碧玉簪》|中国京剧音配像精粹|中國京劇音配像精粹|戏曲|京剧|评剧|豫剧|越剧|黄梅戏|戏曲频道|CCTV戏曲|戲曲|戏曲名段|京剧选段|黄梅戏选段|豫剧选段|评剧选段|艺术|曲艺|傳統藝術|國粹|国粹|梅蘭芳|尚小雲|程硯秋|荀慧生|常香玉|小白玉霜|周信芳|马连良|裘盛戎|谭富英|戲曲名段|京劇|評劇|豫劇|越劇|黃梅戲|河北梆子|粤剧|秦腔|戲曲頻道|CCTV戲曲|CCTV|CCTV11|央视戏曲,Entertainment,https://i.ytimg.com/vi/jFqizI18ww0/sddefault.jpg,2026-07-24T07:42:43+00:00,yt-dlp public YouTube metadata extractor
JL_loiJEOdI,general_traditional,京劇,14,[EngSub双语版]京剧界的“好莱坞” 群星云集 大片既视感 京剧《赤壁》（于魁智 饰 诸葛亮，李胜素 饰 小乔）| 中华戏韵,"#戏曲 #戏曲名段 #戏曲经典 #京剧 #opera #beijingopera 
本期节目主要内容：
汉献帝建安十三年（公元208年）冬。曹操八十三万水陆大军南犯。消息传来，东吴群臣惶恐，战降不一，吴主孙权莫衷一是。诸葛亮舌战群儒，陈述利害；周瑜谋略在胸，历数胜算；小乔为靖国难，不惜挺身赴死。终于使孙权下定孙刘结盟，共御强敌的决心。风云际会，赤壁鏖兵，英雄逐鹿，各领风骚。孔明周瑜，草船借箭，火烧连环，百万曹军顷刻间灰飞烟灭。孙刘联军欢庆胜利，诸葛亮却独立赤壁，酹酒祭江。于魁智 饰 诸葛亮，孟广禄 饰 曹操，李宏图 饰 周瑜，李胜素 饰 小乔。

►▷《中华戏韵特别节目》播放列表：https://bit.ly/3uLS91l
【订阅中华戏韵频道】：https://bit.ly/32iZfYI

■□更多中华戏韵精彩节目列表■□
京剧集锦·播放列表：https://bit.ly/3Wyjk8e
评剧集锦·播放列表：https://bit.ly/3vvzAv2
豫剧集锦·播放列表：https://bit.ly/3DeanKC
越剧集锦·播放列表：https://bit.ly/3TjniQM
黄梅戏集锦·播放列表：http://bit.ly/3ySNOYL",中华戏韵,UC2aWa2L_rVzIrYmmjjEEEog,20250606,1749207638,8486,7024,95.0,6.0,https://www.youtube.com/watch?v=JL_loiJEOdI,public,not_live,,戏曲|赤壁|engsub|曹操|东汉|周瑜|诸葛亮|孙权|小乔|草船借箭|于魁智|孟广禄|李宏图|李胜素|三国|三国演义|three kingdoms|東漢|諸葛亮|孫權|小喬|於魁智|孟廣祿|李宏圖|李勝素|三國|三國演義|京剧|评剧|豫剧|越剧|黄梅戏|戏曲频道|CCTV戏曲|戲曲|戏曲名段|京剧选段|黄梅戏选段|豫剧选段|评剧选段|艺术|曲艺|傳統藝術|國粹|国粹|尚小雲|程硯秋|荀慧生|常香玉|小白玉霜|周信芳|马连良|裘盛戎|谭富英|戲曲名段|京劇|評劇|豫劇|越劇|黃梅戲|河北梆子|粤剧|秦腔|戲曲頻道|CCTV戲曲|CCTV|CCTV11|央视戏曲,Entertainment,https://i.ytimg.com/vi/JL_loiJEOdI/maxresdefault.jpg,2026-07-24T07:42:43+00:00,yt-dlp public YouTube metadata extractor
11DThOhbIaU,general_traditional,京劇,15,京剧《钗头凤》（张佳春 饰 唐蕙仙，马磊 饰 陆游）来自《中国京剧像音像集萃》| CCTV戏曲,"【订阅CCTV戏曲频道】：https://bit.ly/32iZfYI

■□更多CCTV戏曲精彩节目列表■□
京剧集锦·播放列表：https://bit.ly/3AxUtqk
评剧集锦·播放列表：https://bit.ly/3hJpxMq
豫剧集锦·播放列表：https://bit.ly/3EqMuxQ
越剧集锦·播放列表：https://bit.ly/3zkylyx
黄梅戏集锦·播放列表：https://bit.ly/3nIQSCp

■□更多精彩视频，请关注我们■□
CCTV中国中央电视台：https://bit.ly/32loVDW
CCTV电视剧：https://bit.ly/2HOMYBJ
CCTV纪录：https://bit.ly/3c4UlTp
CCTV科教：https://bit.ly/2HN7yCr

■□关注CCTV系列帐号 Like us on Facebook■□
Facebook（中文）: https://www.facebook.com/CCTV.CH/ 
Facebook（英文）: https://www.facebook.com/cctvcom",中华戏韵,UC2aWa2L_rVzIrYmmjjEEEog,20220514,1652531970,8029,15391,101.0,4.0,https://www.youtube.com/watch?v=11DThOhbIaU,public,not_live,,中国京剧音配像精粹|中國京劇音配像精粹|戏曲|京剧|评剧|豫剧|越剧|黄梅戏|戏曲频道|CCTV戏曲|戲曲|戏曲名段|京剧选段|黄梅戏选段|豫剧选段|评剧选段|艺术|曲艺|傳統藝術|國粹|国粹|梅蘭芳|尚小雲|程硯秋|荀慧生|常香玉|小白玉霜|周信芳|马连良|裘盛戎|谭富英|戲曲名段|京劇|評劇|豫劇|越劇|黃梅戲|河北梆子|粤剧|秦腔|戲曲頻道|CCTV戲曲|CCTV|CCTV11|央视戏曲,Entertainment,https://i.ytimg.com/vi/11DThOhbIaU/maxresdefault.jpg,2026-07-24T07:42:43+00:00,yt-dlp public YouTube metadata extractor
t5zwrHp0q7c,general_traditional,京劇,16,京剧 《打龙袍》李多奎大师 裘盛戎大师,裘盛戎李多奎音，裘少戎蓝文云配像,Percy Song,UCJKS5K8907klCKcrjqAk0BA,20090104,1231111461,422,329385,1005.0,121.0,https://www.youtube.com/watch?v=t5zwrHp0q7c,public,not_live,,京剧|中国|传统|文化|国粹,Music,https://i.ytimg.com/vi/t5zwrHp0q7c/hqdefault.jpg?sqp=-oaymwEmCOADEOgC8quKqQMa8AEB-AH-BIAC4AOKAgwIABABGGUgXSg-MA8=&rs=AOn4CLCyh7FK1aGjbqYfXVUY0sCFF-54Ag,2026-07-24T07:42:43+00:00,yt-dlp public YouTube metadata extractor
0m3p7PovVc8,general_traditional,京劇,17,少女为恶人所害 包公惩恶扬善 裘派花脸、梅花奖得主安平行腔游刃有余 京剧《包公铡判官》（安平 饰 包拯，熊明霞 饰 柳金蝉）来自《中国京剧像音像集萃》| 中华戏韵,"#戏曲 #戏曲名段 #戏曲经典 #京剧 #opera #beijingopera 
本期节目主要内容：
京剧《包公铡判官》讲述了包公为民做主，惩恶扬善的故事。少女柳金蝉为恶人所害，恋人颜查散却遭到诬陷，被屈打成招。最终包公不顾个人生死，历经艰辛，惩贪除恶，伸张正义。安平 饰 包拯，熊明霞 饰 柳金蝉，吴响军 饰 秦广辉。

►▷《中国京剧像音像集萃》播放列表：http://bit.ly/3KJNlzk
【订阅中华戏韵频道】：https://bit.ly/32iZfYI

■□更多中华戏韵精彩节目列表■□
京剧集锦·播放列表：https://bit.ly/3Wyjk8e
评剧集锦·播放列表：https://bit.ly/3vvzAv2
豫剧集锦·播放列表：https://bit.ly/3DeanKC
越剧集锦·播放列表：https://bit.ly/3TjniQM
黄梅戏集锦·播放列表：https://bit.ly/3MMoCsX",中华戏韵,UC2aWa2L_rVzIrYmmjjEEEog,20230304,1677927601,8312,5941,80.0,2.0,https://www.youtube.com/watch?v=0m3p7PovVc8,public,not_live,,戏曲|京剧|京剧 包公铡判官|包公铡判官|安平|包拯|熊明霞|柳金蝉|吴响军|秦广辉|包公|包青天|惩恶扬善|恶人|善人|青衣|老生|杨派|尚派|唐朝历史|唐朝故事|唐朝|爱情|爱情故事|opera|beijing opera|Beijing|戲曲|京劇|京劇 包公鍘判官|包公鍘判官|柳金蟬|吳響軍|秦廣輝|懲惡揚善|惡人|像音像|唐朝曆史|愛情|愛情故事|史剧|古装剧|古装片|史劇|古裝劇|古裝片|评剧|豫剧|黄梅戏|戏曲频道|CCTV戏曲|戏曲名段|京剧选段|黄梅戏选段|豫剧选段|评剧选段|艺术|曲艺|傳統藝術|國粹|国粹|程硯秋|荀慧生|常香玉|小白玉霜|周信芳|马连良|裘盛戎|谭富英|戲曲名段|評劇|豫劇|黄梅戲|河北梆子|粤剧|秦腔|戲曲頻道|CCTV戲曲|CCTV|CCTV11|央视戏曲|中国京剧像音像集萃|中國京劇像音像集萃|京剧名家|京剧新人|京剧小生|京劇名家|京劇新人|京劇小生|中华戏韵|中華戲韵,Entertainment,https://i.ytimg.com/vi/0m3p7PovVc8/maxresdefault.jpg,2026-07-24T07:42:43+00:00,yt-dlp public YouTube metadata extractor
NX5R2WqthdY,general_traditional,京劇,18,天津京剧院尽遣精英 致敬梅派经典 京剧《穆桂英挂帅》（王艳 饰 穆桂英，李宏 饰 佘太君，赵华 饰 寇准）来自《中国京剧像音像集萃》| 中华戏韵,"#戏曲 #戏曲名段 #戏曲经典 #京剧 #opera #beijingopera 
本期节目主要内容：
北宋时，西夏犯境。辞朝隐居的佘太君闻讯，遣曾孙杨文广、曾孙女杨金花去汴京探听。杨文广在校场比武，刀劈兵部尚书王强之子王伦，夺得帅印归来。穆桂英深感朝廷刻薄寡恩，不愿再为其效力。佘太君劝她以抵御西夏侵扰为重，穆桂英乃挂帅出征。王艳 饰 穆桂英，李宏 饰 佘太君，赵华 饰 寇准，焦鹏飞 饰 杨宗保。

►▷《中国京剧像音像集萃》播放列表：https://bit.ly/41WtKB0
【订阅中华戏韵频道】：https://bit.ly/32iZfYI

■□更多中华戏韵精彩节目列表■□
京剧集锦·播放列表：https://bit.ly/3Wyjk8e
评剧集锦·播放列表：https://bit.ly/3vvzAv2
豫剧集锦·播放列表：https://bit.ly/3DeanKC
越剧集锦·播放列表：https://bit.ly/3TjniQM
黄梅戏集锦·播放列表：http://bit.ly/3ySNOYL",中华戏韵,UC2aWa2L_rVzIrYmmjjEEEog,20230526,1685098817,8575,72033,750.0,8.0,https://www.youtube.com/watch?v=NX5R2WqthdY,public,not_live,,戏曲|京剧穆桂英挂帅|京剧|穆桂英挂帅|王艳|穆桂英|李宏|佘太君|赵华|寇准|焦鹏飞|杨宗保|梅派名剧|梅派经典|梅派花旦|尚派青衣|京剧梅派|京剧尚派|梅兰芳|尚小云|北宋|西夏|杨金花|汴京|杨文广|王强|王伦|帅印|朝廷|比武|女中豪杰|女性|天津京剧院|国家一级演员|戏剧梅花奖|古装|opera|beijing opera|Beijing|戲曲|京劇穆桂英掛帥|京劇|穆桂英掛帥|王豔|趙華|焦鵬飛|楊宗保|梅派名劇|梅派經典|京劇梅派|京劇尚派|梅蘭芳|尚小雲|楊金花|楊文廣|王強|王倫|帥印|女中豪傑|天津京劇院|國家一級演員|戲劇梅花獎|古裝|史剧|古装剧|古装片|史劇|古裝劇|古裝片|像音像|评剧|豫剧|黄梅戏|戏曲频道|CCTV戏曲|戏曲名段|京剧选段|黄梅戏选段|豫剧选段|评剧选段|艺术|曲艺|傳統藝術|國粹|国粹|荀慧生|常香玉|小白玉霜|周信芳|马连良|谭富英|戲曲名段|評劇|豫劇|黄梅戲|河北梆子|粤剧|秦腔|戲曲頻道|CCTV戲曲|CCTV|CCTV11|央视戏曲|中国京剧像音像集萃|中國京劇像音像集萃|京剧名家|京剧新人|京劇名家|中华戏韵|中華戲韵,Entertainment,https://i.ytimg.com/vi/NX5R2WqthdY/maxresdefault.jpg,2026-07-24T07:42:43+00:00,yt-dlp public YouTube metadata extractor
GEOpn4SSikk,general_traditional,京劇,19,京剧《长坂坡 汉津口》（黄齐峰 饰 赵云，王嘉庆 饰 曹操）来自《中国京剧像音像集萃》| CCTV戏曲,"【订阅CCTV戏曲频道】：https://bit.ly/32iZfYI

■□更多CCTV戏曲精彩节目列表■□
京剧集锦·播放列表：https://bit.ly/3AxUtqk
评剧集锦·播放列表：https://bit.ly/3hJpxMq
豫剧集锦·播放列表：https://bit.ly/3EqMuxQ
越剧集锦·播放列表：https://bit.ly/3zkylyx
黄梅戏集锦·播放列表：https://bit.ly/3nIQSCp

■□更多精彩视频，请关注我们■□
CCTV中国中央电视台：https://bit.ly/32loVDW
CCTV电视剧：https://bit.ly/2HOMYBJ
CCTV纪录：https://bit.ly/3c4UlTp
CCTV科教：https://bit.ly/2HN7yCr

■□关注CCTV系列帐号 Like us on Facebook■□
Facebook（中文）: https://www.facebook.com/CCTV.CH/ 
Facebook（英文）: https://www.facebook.com/cctvcom",中华戏韵,UC2aWa2L_rVzIrYmmjjEEEog,20220120,1642676414,7359,34424,336.0,15.0,https://www.youtube.com/watch?v=GEOpn4SSikk,public,not_live,,长坂坡·汉津口|京剧长坂坡|刘备投江夏|曹操|赠绨袍|连环套|连环套 京剧|窦尔敦盗御马|窦尔敦|盗御马 京剧|中国京剧音配像精粹|戏曲|京剧|评剧|豫剧|越剧|黄梅戏|戏曲频道|CCTV戏曲|戲曲|戏曲名段|京剧选段|黄梅戏选段|豫剧选段|评剧选段|艺术|曲艺|傳統藝術|國粹|国粹|梅蘭芳|尚小雲|程硯秋|荀慧生|常香玉|小白玉霜|周信芳|马连良|裘盛戎|谭富英|戲曲名段|京劇|評劇|豫劇|越劇|黃梅戲|河北梆子|粤剧|秦腔|戲曲頻道|CCTV戲曲|CCTV|CCTV11|央视戏曲,Entertainment,https://i.ytimg.com/vi/GEOpn4SSikk/maxresdefault.jpg,2026-07-24T07:42:43+00:00,yt-dlp public YouTube metadata extractor
hAckJIE830Q,general_traditional,京劇,20,京剧《游龙戏凤》（正德皇帝微服私访寻得佳人李凤姐）来自 《中国京剧像音像集萃》 20190606 | CCTV戏曲,"本期节目主要内容： 正德皇帝微服出访，路过梅龙镇在酒馆中无意发现酒保妹妹李凤姐美貌非常，于是百般戏耍，最后封李凤姐为妃子。史依弘饰李凤姐，范永亮饰正德帝。

《中国京剧音配像精粹》是在一项文化工程，为祖国的文化事业留下了一份宝贵财富。录制京剧音配像的主要目的是为了京剧艺术的抢救、传留和振兴。京剧音配像的剧目大部分是20世纪40年代后期到60年代前期京剧舞台上的艺术珍品，有的还追溯到上个世纪初，涉及京剧各个行当、各个流派，基本囊括了近代京剧黄金时代大部分名家的代表作。

《中国京剧音配像精粹》官方高清播放列表：https://goo.gl/8dj7E6

【订阅CCTV戏曲官方频道】: https://goo.gl/i1pRSj

■□更多CCTV戏曲精彩节目官方高清■□
《空中剧院》官方高清播放列表：https://goo.gl/e6oy5q
《一鸣惊人》官方高清播放列表：https://goo.gl/FG3JkL
《九州大戏台》官方高清播放列表：https://goo.gl/WDjXBf
2018《跟我学》官方高清播放列表：https://goo.gl/FevYRP
《戏曲采风》官方高清播放列表：https://goo.gl/6tmVJ6
《梨园闯关我挂帅》官方高清播放列表：https://goo.gl/VLdagg
2018《青春戏苑》官方高清播放列表：https://goo.gl/5iuUti
2018《快乐戏园》官方高清播放列表：https://goo.gl/HQMPwW
2018《名段欣赏》官方高清播放列表：https://goo.gl/fWKMr4


■□关注更多精彩官方视频，请关注我们■□
CCTV春晚: http://goo.gl/A9V00o
CCTV中文国际: http://goo.gl/HcZaeZ
CCTV中国中央电视台:https://goo.gl/gYT8W8
CCTV科教：https://goo.gl/qpJZuB
CCTV综艺：https://goo.gl/34d95K
CCTV财经：https://goo.gl/28LqrU
CCTV少儿：https://goo.gl/VFauqN
CCTV电视剧：https://goo.gl/nFq3bC

■□关注CCTV其他平台官方账号■□
Facebook: https://www.facebook.com/cctvcom
Twitter: https://twitter.com/CCTV
Instagram: http://instagram.com/cctv",中华戏韵,UC2aWa2L_rVzIrYmmjjEEEog,20190606,1559839932,3310,37969,350.0,12.0,https://www.youtube.com/watch?v=hAckJIE830Q,public,not_live,,中国京剧音配像精粹|中國京劇音配像精粹|正德|正德帝|范永亮|李凤姐|史依弘|戏曲|艺术|京剧|曲艺|国粹|录制京剧|文化工程|艺术珍品|CCTV|CCTV11|戏曲频道|央视戏曲,Entertainment,https://i.ytimg.com/vi/hAckJIE830Q/sddefault.jpg,2026-07-24T07:42:43+00:00,yt-dlp public YouTube metadata extractor
TDD3AnPmU7o,performance_english,Peking Opera performance,1,Enjoying the classic Peking Opera 'Drunken Concubine' at Mid Autumn Festival,"The Mid-Autumn Festival falls on October 1 this year, marking one of the most important and poetic Chinese festivals. People across the country reunite with family and friends, and enjoy the charm of moon together. 

Some people will choose to watch Peking Opera during the festivities, classic opera ""Drunken Concubine"" is one of the most widely circulated ones. It is also a must-see Chinese opera for die-hard opera fans around the world.

For  more:
https://www.cgtn.com/video

Subscribe to us on YouTube: https://goo.gl/lP12gA
Download our APP on Apple Store (iOS): https://itunes.apple.com/us/app/cctvnews-app/id922456579?l=zh&ls=1&mt=8
Download our APP on Google Play (Android): https://play.google.com/store/apps/details?id=com.imib.cctv",CGTN,UCgrNz-aDmcr2uuto8_DL2jg,20201002,1601641267,158,1779286,48835.0,2400.0,https://www.youtube.com/watch?v=TDD3AnPmU7o,public,not_live,,CGTN|News|pekingopera|beijing|china|performance|opera,News & Politics,https://i.ytimg.com/vi/TDD3AnPmU7o/maxresdefault.jpg,2026-07-24T07:42:43+00:00,yt-dlp public YouTube metadata extractor
oFvt4TtE95E,performance_english,Peking Opera performance,2,【A Honey Trap】Classical Peking Opera Celebrates Chinese New Year,"Zhaoyun kills Zhouyu with the Taihou sword on the order of SunShangxiang. What an excellent show! The online broadcasting of the classic show of China National Peking Opera Company is begin.There are more different views of this show on ""Migu C"" to help you enjoy it better. Let's feel the quintessence of Chinese culture feast and enjoy the lively Spring Festival！",Nihao Peking Opera,UChd2LN1auV4Hk2AW9nkaxiQ,20230118,1674033189,213,6542,57.0,1.0,https://www.youtube.com/watch?v=oFvt4TtE95E,public,not_live,,A Honey Tra|Chines|Peking Opera,Film & Animation,https://i.ytimg.com/vi/oFvt4TtE95E/maxresdefault.jpg,2026-07-24T07:42:43+00:00,yt-dlp public YouTube metadata extractor
CfnGuqBsXjA,performance_english,Peking Opera performance,3,"Peking Opera:《The Drunken Concubine》京剧: 贵妃醉酒, [Chinese Opera English Subtitles]","Hi everyone!
Please excuse my amateur translation, feel free to make any corrections in the comments! Many expressions and phrases are untranslatable, I recommend looking at the original Chinese if you have the time: www.bilibili.com/video/BV1HG4y1Z7A6/?spm_id_from=333.337.search-card.all.click
I don't claim any credit of this work aside from the translations.

The most well-known work of the famous opera master Mei Lanfang, The Drunken Concubine is more of a one-person performance than an opera that follows a long plot. It is a one-act opera that explores themes of the fragility of life, power and sorrow, and requires high skill from the performer. 

This opera is about Concubine Yang, a real person who was one of the Four Ancient Beauties of China. en.wikipedia.org/wiki/Four_Beauties

I hope you enjoy~


Cultural notes:

Chang'e is the chinese goddess of the moon who is accompanies by the jade rabbit. They live in the Guanghan palace on the moon.

#chineseopera #pekingopera #englishsubs #engsub #drunkenconcubine #meilanfang #京剧 #戏曲 #梅兰芳 #贵妃醉酒",Clover,UCW5ObKdSnhrbYESlkSMGGfQ,20240704,1720085728,4541,53044,1710.0,72.0,https://www.youtube.com/watch?v=CfnGuqBsXjA,public,not_live,,chineseopera|pekingopera|#chineseopera|#pekingopera|chinese opera|peking opera|engsub|eng sub|京剧|戏曲|贵妃醉酒|The Drunken Concubine,Entertainment,https://i.ytimg.com/vi/CfnGuqBsXjA/sddefault.jpg,2026-07-24T07:42:43+00:00,yt-dlp public YouTube metadata extractor
wzBDB-u1pRg,performance_english,Peking Opera performance,4,群英聚会！《同光十三绝》从画中“走出来了”【2014年央视春晚】｜CCTV春晚,"京剧《同光十三绝》 表演：国家京剧院一团

提起京剧的艺术家，必然要提到“同光十三绝”。因为这十三绝是徽班进京后由演唱徽调、昆腔衍变为京剧的十三位奠基人，又都是技艺非凡的表演艺术家。

【订阅CCTV春晚官方频道】 https://bit.ly/44jKJhR
《中央广播电视总台2014年春节联欢晚会》：https://www.youtube.com/watch?v=7pKHsPcQot4&list=PLXQgvG0bchMPGo6HuhEkBk2mlnoMbkbaY&index=1
《春节联欢晚会【戏曲/曲艺类】节目合辑》：https://www.youtube.com/watch?v=wzBDB-u1pRg&list=PLXQgvG0bchMOXPy_w0DeW-2z6ZElWnNzS&index=1

■□Watch More■□
央视春节联欢晚会回顾：
《中央广播电视总台2019年春节联欢晚会》：https://www.youtube.com/watch?v=gbWKpqfD4-0&list=PLXQgvG0bchMP5_RTFeg_-UxqAAc83XYD3&index=1
《中央广播电视总台2018年春节联欢晚会》：https://www.youtube.com/watch?v=Q0qD-EGNncs&list=PLXQgvG0bchMMxRhDPdX0uxnJc_CO-vTzR&index=1
《中央广播电视总台2017年春节联欢晚会》：https://www.youtube.com/watch?v=7424JE1E6Yw&list=PLXQgvG0bchMNnVgrpEeMIGYaPj5uwg1XH&index=1
《中央广播电视总台2016年春节联欢晚会》：https://www.youtube.com/watch?v=Xn02Kie0J6o&list=PLXQgvG0bchMNU9yzKDq6WBM05WMcCWgPU&index=1
《中央广播电视总台2015年春节联欢晚会》：https://www.youtube.com/watch?v=Al-T1vuNF4s&list=PLXQgvG0bchMNmpzy2za1QtqSp6wPMPmxI&index=1

#央视春晚 #CCTVSpringFestivalGala #SpringFestivalGala",CCTV春晚,UCjnJ4buqbnpRVaT3IDUQPZQ,20140130,1391094128,456,2983024,70313.0,1100.0,https://www.youtube.com/watch?v=wzBDB-u1pRg,public,not_live,th,春晚|Chinese opera|京剧|同光十三绝|梅兰芳|梅巧玲|谭鑫培|程长庚|中国戏曲|opera|Beijing opera|李胜素|穆桂英挂帅|王艳|双阳公主|迟小秋|锁麟囊|薛湘灵|张佳春|红娘|西厢记|李博|薛平贵|武家坡|武家坡2021|张淇|王越|铡美案|包拯|包青天|袁慧琴|四郎探母|佘太君|杜喆|辕门斩子|杨延昭|于魁智|定军山|黄忠|三国|三国演义|京劇|同光十三絕|梅蘭芳|譚鑫培|程長庚|中國戲曲|李勝素|穆桂英掛帥|王豔|雙陽公主|遲小秋|鎖麟囊|薛湘靈|張佳春|紅娘|西廂記|薛平貴|張淇|鍘美案|轅門斬子|楊延昭|於魁智|定軍山|黃忠|三國|三國演義|Opera|chinese traditional music|Chinese traditional opera|小生|青衣|花旦|老生|武生|老旦|丑角|名伶|CCTV|CCTV春晚 2014|2014春晚|春节联欢晚会|中国春节|除夕|马年春晚|央视春晚,Entertainment,https://i.ytimg.com/vi/wzBDB-u1pRg/maxresdefault.jpg,2026-07-24T07:42:43+00:00,yt-dlp public YouTube metadata extractor
Kqim7q05ZdI,performance_english,Peking Opera performance,5,京剧《白蛇传》梅兰芳京剧团-水斗 [Lady White Snake] Beijing Opera in Vancouver 2017,"京剧《白蛇传》北京梅兰芳京剧团-水斗武戏 。'Legend of Lady White Snake - Water Fight' Mei Lanfang Beijing Opera Troupe 北京梅兰芳京剧团加拿大温哥华 Vancouver 2017上演传统大戏 开启“一带一路” 京剧之旅。《白蛇传》李宏图扮演许仙、郭玮扮演白素贞、陈宇扮演小青、韩胜存扮演法海。

北京京剧院梅兰芳京剧团，是中国唯一以艺术家个人名字命名的国家级表演艺术团体，创建于20世纪20年代。京剧艺术大师梅兰芳先生代表作有《貴妃醉酒》《太真外傳》《穆桂英掛帥》《宇宙锋》等。

本次出访同行也有朱强、陈俊杰、郭伟、黄彦忠、窦晓璇、黄柏雪、周恩旭、曹阳阳、张青松、王岳凌、王雪清等。其他场景包括游湖、结亲、说许、酒变、盗草、水斗、观潮、索夫、逃山。北京京剧院派出70人强大的演出阵容，包括多位国家一级演员经常在CCTV-11戏曲频道《CCTV空中剧院》中演出。

除《白蛇传》之外，其他日期和场地的表演包括《霸王别姬》Farewell My Concubine、《秋江》、《大闹天宫》Havoc in Heaven、《吕布与貂婵》Lu Bu and Diao Chan、《赵氏孤儿》、《三岔口》San Cha Kou、《小宴》，于2017年12月22日-28日分别在温哥华女王剧院 、莫尔森加拿大剧院、拜尔剧场举行5场演出；于2018年1月3日在Royal 维多利亚皇家剧院进行1场演出。希望加拿大观众能体现京剧艺术的魅力，从而更好地推广中国传统文化。

The Mei Lanfang Beijing Opera Troupe came to Vancouver for a Canadian tour at the Queen Elizabeth Theatre on December 22 and 23 for two evening performances of 'The Legend of Lady White Snake'. Featured in this video is 'Broken Bridge'. There is also be a 2PM matinee show of selected scenes from Beijing operas such as 'Farewell My Concubine', 'Havoc in Heaven' from the Money King etc. on December 23 at the Queen Elizabeth Theatre.

此次出演由梅兰芳京剧团团长李宏图带队，他是著名京剧叶派小生，国家一级演员，梅花奖获得者，文化部优秀专家，亚洲最杰出艺人终身成就奖获得者。艺术总监叶少兰先生，系著名“叶派”京剧表演艺术家，首届梅花奖获得者；1986年被美国授予富布赖特国际学者；1999年6月获美国美华艺术中心授予的终生成就奖。著名京剧表演艺术家叶少兰说：“中国的京剧艺术在世界戏剧舞台中具有独特地位和无可比拟的文化价值，要在不断发展的过程中坚守民族文化特色。此次出演将让海外观众能够更深入、更全面的了解京剧文化。”

京剧这一“人类非物质文化遗产”，被称为中国的国粹和东方艺术的瑰宝。今年恰逢加拿大建国150周年，北京京剧院与中意博联（北京）国际文化传播有限公司、天涯星灿文化发展中心合作，是“一带一路，京剧之旅”五年计划的一个美好开始。以传播中国优秀传统艺术来实现文明交流、文明互鉴、文明共存的理想。

京剧传统名剧《白蛇传》人蛇相恋的千古奇谈，追寻真爱的动人传说。修行千年的蛇精白素贞，下凡与青年许仙相恋成婚。在高僧法海的阻扰下，白素贞始终不渝，坚守和许仙的爱情，最终修得善果。

Video by Ray Van Eng
++++++++++++++++++++++
Ray Van Eng 雷云影 is an accomplished media professional, award-winning screenwriter and movie producer. His work has been part of the Hava Nagila Exhibit at the Museum of Jewish Heritage – A Living Memorial to the Holocaust in Manhattan in New York, NY from Sep 2012 to May 2013.
++++++++++++++++++++++++++++++++++++++",Ray Van Eng,UColb5CMwImOKj4-Dm0MJfhA,20171224,1514093533,712,218634,2864.0,74.0,https://www.youtube.com/watch?v=Kqim7q05ZdI,public,not_live,,《白蛇传》|梅兰芳京剧团|水斗|Legend of Lady White Snake|李宏图|郭玮|陈宇|韩胜存|白素贞|许仙|温哥华|加拿大|《霸王别姬》|京剧|武戏|CCTV空中剧院|CCTV-11戏曲频道|北京|梅兰芳|Mei Lanfang Beijing Opera Troupe|《貴妃醉酒》|太真外傳|穆桂英掛帥|宇宙锋,Entertainment,https://i.ytimg.com/vi/Kqim7q05ZdI/maxresdefault.jpg,2026-07-24T07:42:43+00:00,yt-dlp public YouTube metadata extractor
KEdG8FFTx_k,performance_english,Peking Opera performance,6,"Excerpt from Peking Opera ""Ode to the Pear Blossom""","""Pear blossoms bloom, spring brings rain, pear blossoms fall, spring falls into mud""
Ode to the pear blossoms,tells the love story between emperor Li of tang Dynasty and his consort Yang. Expressing the emperor's ardent love to his consort, still enviable even today.",Visit Yunnan,UCRtMyJ_il-t9iU6TKtIu9oA,20240118,1705572020,290,7510,229.0,5.0,https://www.youtube.com/watch?v=KEdG8FFTx_k,public,not_live,,,Travel & Events,https://i.ytimg.com/vi/KEdG8FFTx_k/maxresdefault.jpg,2026-07-24T07:42:43+00:00,yt-dlp public YouTube metadata extractor
73_9UvNX920,performance_english,Peking Opera performance,7,Peking Opera Performance Sample,"Performance of ""The Drunken Concubine"" by the Affiliated High School of Peking University Peking Opera Troupe 

2017-18 Peking University Spring Festival Gala

""Linda"" WANG Luoyun",Luoyun Wang,UCtoiap8Cijp4ykuDsI1ERwg,20181231,1546245474,184,324085,4587.0,704.0,https://www.youtube.com/watch?v=73_9UvNX920,public,not_live,en,Peking Opera|Chinese culture|Peking University|Spring Festival Gala,People & Blogs,https://i.ytimg.com/vi/73_9UvNX920/maxresdefault.jpg,2026-07-24T07:42:43+00:00,yt-dlp public YouTube metadata extractor
76Ojw_xVRLw,performance_english,Peking Opera performance,8,Spring Festival Gala 2019: Chinese traditional operas,"Traditional operas, such as the Peking Opera, Huangmei Opera and Shaoxing Opera, are always indispensable part of the Spring Festival Gala. This year’s Spring Festival Gala began broadcasting live at 8:00 p.m. from China Media Group’s headquarters in Beijing.

Subscribe to us on YouTube: https://goo.gl/lP12gA

Download our APP on Apple Store (iOS): https://itunes.apple.com/us/app/cctvnews-app/id922456579?l=zh&ls=1&mt=8

Download our APP on Google Play (Android): https://play.google.com/store/apps/details?id=com.imib.cctv

Follow us on:

Website: https://www.cgtn.com/
Facebook: https://www.facebook.com/ChinaGlobalTVNetwork/
Instagram: https://www.instagram.com/cgtn/?hl=zh-cn
Twitter: https://twitter.com/CGTNOfficial
Pinterest: https://www.pinterest.com/CGTNOfficial/
Tumblr: http://cctvnews.tumblr.com/
Weibo: http://weibo.com/cctvnewsbeijing
Tiktok: https://m.tiktok.com/h5/share/usr/6593878228716666886.html?u_code=d1kab7mki4ai6e&utm_campaign=client_share&app=musically&utm_medium=ios&user_id=6593878228716666886&tt_from=copy&utm_source=copy
Douyin: https://www.youtube.com/redirect?q=http%3A%2F%2Fv.douyin.com%2F8QTXhV%2F&redir_token=WkBScl40kZbx7ZwJ9M7QhhTjErx8MTU0NTcyMTg3N0AxNTQ1NjM1NDc3&event=channel_description",CGTN,UCgrNz-aDmcr2uuto8_DL2jg,20190204,1549290579,471,536625,9450.0,512.0,https://www.youtube.com/watch?v=76Ojw_xVRLw,public,not_live,,CCTV|CGTN|CCTVNews|News|ChinaNews|WorldNews|Politics|PekingOpera,News & Politics,https://i.ytimg.com/vi/76Ojw_xVRLw/maxresdefault.jpg,2026-07-24T07:42:43+00:00,yt-dlp public YouTube metadata extractor
Yb01Qi5FbtE,performance_english,Peking Opera performance,9,Peking Opera 《execute ChenShimei》 Tom and Jerry meme Provenance  Ching Chen Hanji  京剧《铡美案》,"During the Northern Song Dynasty, Chen Shimei entered the capital to take the exam, and was the number one champion, and was selected as emperor's son-in-law. His hometown has been drought year after year, his parents died, his wife Qin Xianglian and her children went to Beijing to find her husband, but broke into the palace and was expelled. Prime Minister Wang Yanling sympathized with her and tried to make Qin Xianglian play at the banquet dressed as a singer on Chen Shimei's birthday to help them reconcile, but failed. Wang Yanling sent Qin Xianglian a fan as a token and told her to go to Kaifeng Mansion to find Bao Zheng to sue (Bao Zheng was a famous, powerful and upright official in ancient China). Chen Shimei sent a private arm to Han Qi to hunt down. Han Qi let Qin Xianglian and her son go because he sympathized with them, but committed suicide because he failed to complete the task. Qin Xianglian fled and went to Bao Zheng's official office to accuse Chen Shimei of ""killing his wife and child."" Bao Zheng summoned Chen Shimei to Kaifeng Mansion to persuade them to reconcile, but Chen Shimei did not cooperate. Bao Zheng asked Qin Xianglian and Chen Shimei to confront each other. Chen Shimei relied on his noble status to argue with strong words; Bao Zheng was angry and prepared to execute Chen Shimei. The princess and queen mother rushed to stop the execution. In order to maintain the justice of the law, Bao Zheng continued to execute his sentence and executed Chen Shimei.
This video tells one of the stories above, what happened after Qin Xianglian arrived at Bao Zheng’s official office",Beijing Volunteer First Aider,UCUUyN3KoguVGbr0VO_lY3YA,20151122,1448196469,3197,314083,7007.0,871.0,https://www.youtube.com/watch?v=Yb01Qi5FbtE,public,not_live,,Peking Opera (Opera Genre)|铡美案|京剧|孟广禄|Chen Shimei,Autos & Vehicles,https://i.ytimg.com/vi/Yb01Qi5FbtE/maxresdefault.jpg,2026-07-24T07:42:43+00:00,yt-dlp public YouTube metadata extractor
rtNwCX_MNtA,performance_english,Peking Opera performance,10,京剧《闹天宫》北京梅兰芳京剧团[Monkey King Havoc in Heaven] Mei Lanfang Opera Troupe 2017,"京剧《闹天宫》Havoc in Heaven (The Monkey King) 北京梅兰芳京剧团Mei Lanfang Beijing Opera Troupe in Vancouver Canada in December 2017加拿大温哥华上演传统大戏 开启“一带一路” 京剧之旅。《闹天宫》张青松扮演孙悟空。北京京剧院梅兰芳京剧团，是中国唯一以艺术家个人名字命名的国家级表演艺术团体，创建于20世纪20年代。京剧艺术大师梅兰芳先生代表作有《貴妃醉酒》《太真外傳》《穆桂英掛帥》《宇宙锋》等。

以西游记中孙悟空美猴王大闹天宫这一段的经历为主要内容。孙悟空是小說《西游记》中主要角色之一。又名孙行者，自封花果山美猴王、齐天大圣。

除《大闹天宫》之外，其他日期和场地的表演包括《白蛇传》Legend of Lady White Snake、《霸王别姬》Farewell My Concubine、《吕布与貂婵》Lu Bu and Diao Chan、《秋江》The Autumn River、《赵氏孤儿》Orphan of Zhao、《三岔口》San Cha Kou、《小宴》The Banquet。本次出访，北京京剧院派出70人强大的演出阵容，包括多位国家一级演员经常在CCTV-11戏曲频道《CCTV空中剧院》中演出。于2017年12月22日-28日分别在温哥华女王剧院 、莫尔森加拿大剧院、拜尔剧场举行5场演出；于2018年1月3日在Royal 维多利亚皇家剧院进行1场演出。希望加拿大观众能体现京剧艺术的魅力，从而更好地推广中国传统文化。

此次出演由梅兰芳京剧团团长李宏图带队，他是著名京剧叶派小生，国家一级演员，梅花奖获得者，文化部优秀专家，亚洲最杰出艺人终身成就奖获得者。艺术总监叶少兰先生，系著名“叶派”京剧表演艺术家，首届梅花奖获得者；1986年被美国授予富布赖特国际学者；1999年6月获美国美华艺术中心授予的终生成就奖。著名京剧表演艺术家叶少兰说：“中国的京剧艺术在世界戏剧舞台中具有独特地位和无可比拟的文化价值，要在不断发展的过程中坚守民族文化特色。此次出演将让海外观众能够更深入、更全面的了解京剧文化。”

京剧这一“人类非物质文化遗产”，被称为中国的国粹和东方艺术的瑰宝。今年恰逢加拿大建国150周年，北京京剧院与中意博联（北京）国际文化传播有限公司、天涯星灿文化发展中心合作，是“一带一路，京剧之旅”五年计划的一个美好开始。以传播中国优秀传统艺术来实现文明交流、文明互鉴、文明共存的理想。

The Mei Lanfang Beijing Opera Troupe came to Vancouver for a Canadian tour at the Queen Elizabeth Theatre on December 22 and 23 for two evening performances of 'The Legend of Lady White Snake'. There is also be a 2PM matinee show of selected scenes from Beijing operas such as 'Farewell My Concubine', 'Havoc in Heaven' from the Money King etc. on December 23 at the Queen Elizabeth Theatre.

Video by Ray Van Eng
++++++++++++++++++++++
Ray Van Eng 雷云影 is an accomplished media professional, award-winning screenwriter and movie producer. His work has been part of the Hava Nagila Exhibit at the Museum of Jewish Heritage – A Living Memorial to the Holocaust in Manhattan in New York, NY from Sep 2012 to May 2013.
+++++++++++++++++++++++++++++++++",Ray Van Eng,UColb5CMwImOKj4-Dm0MJfhA,20171225,1514241335,3662,61148,890.0,24.0,https://www.youtube.com/watch?v=rtNwCX_MNtA,public,not_live,,《闹天宫》|京剧|Havoc in Heaven|The Monkey King|北京梅兰芳京剧团|Beijing|Mei Lanfang Beijing Opera Troupe|孙悟空|齐天大圣|美猴王|温哥华|2017|张青松|西游记|Vancouver|Canada|CCTV-11戏曲频道|CCTV空中剧院|霸王别姬|Farewell My Concubine|《貴妃醉酒》|《太真外傳》|梅兰芳|《穆桂英掛帥》|《宇宙锋》,Entertainment,https://i.ytimg.com/vi/rtNwCX_MNtA/maxresdefault.jpg,2026-07-24T07:42:43+00:00,yt-dlp public YouTube metadata extractor
Qyeg1bWkYEg,performance_english,Peking Opera performance,11,Peking Opera “Mu Guiying Takes Command” | CCTV English,"【Subscribe to CCTV English YouTube Channel】: http://goo.gl/CpzC0H 

More CCTV Shows in HD

Chinese Arts and Crafts:https://goo.gl/Mc3VoM 
Tibet Short Documentaries:https://goo.gl/V2LYmn 
My Life My China:https://goo.gl/iHoHk7 
Meet the Diplomats:https://goo.gl/JpbwuZ 
Looking China:https://goo.gl/Cc8EHw 
The Forbidden City 100:https://goo.gl/5KNwQz 
Spectrum Asia:https://goo.gl/Cmh6dA 
Closer to China with R.L Kuhn:https://goo.gl/vJUl3S 
Travelogue:https://goo.gl/WqoDcw 
My China:https://goo.gl/5YrQe2 
Crossover:https://goo.gl/R1I0Td 
Dialogue:https://goo.gl/FUYheE 
The Heat:https://goo.gl/ApY141 
Full Frame:https://goo.gl/9KNIzU 
CCTV News by CCTV America:https://goo.gl/OdSvau 
The Great Challenge:https://goo.gl/sKqqoT 

【Subscribe to CCTV English YouTube Channel】:http://goo.gl/CpzC0H 

Follow and Like us on 

Facebook:https://www.facebook.com/cctvcom 
Twitter:https://twitter.com/CCTV 
Instagram:http://instagram.com/cctv 

Subscribe to more official YouTube channels

CCTV Gala:http://goo.gl/A9V00o 
CCTV 4:http://goo.gl/HcZaeZ 
CCTV:https://goo.gl/gYT8W8 
iPanda:http://goo.gl/jHLOia",Hi China,UCT8RMFbTJV5ILaVykrluOQg,20180207,1517996814,67,67896,952.0,,https://www.youtube.com/watch?v=Qyeg1bWkYEg,public,not_live,,China|Chinese|CCTV|Chinese people|Chinese show|culture|best video|music|classical music|opera|Chinese music|orchestra|concert|arts|国家大剧院,Music,https://i.ytimg.com/vi/Qyeg1bWkYEg/maxresdefault.jpg,2026-07-24T07:42:43+00:00,yt-dlp public YouTube metadata extractor
BQ04L9yMPd4,performance_english,Peking Opera performance,12,Peking Opera “The Unicorn Purse” (Full Length),"Peking Opera “The Unicorn Purse” tells a story about returning favour. On the way to the wedding, XUE Xiangling, daughter of a wealthy family, meets crying poor pride ZHAO Shouzhen and gives her the unicorn purse with jewelry inside as a gift. Years later, ZHAO helps XUE in trouble.
Leading performer: CHI Xiaoqiu
Presenter: Jingju Theatre Company of Beijing",China NCPA,UC-EO9wEuPGwSCmHow2v3x3w,20210512,1620812069,8799,213806,4298.0,290.0,https://www.youtube.com/watch?v=BQ04L9yMPd4,public,not_live,,NCPA Latest|The Unicorn Purse|Peking Opera|opera|tradition|music|Chinese culture|culture|performance|stage|arts|国家大剧院|國家大劇院|NCPA,Music,https://i.ytimg.com/vi/BQ04L9yMPd4/maxresdefault.jpg,2026-07-24T07:42:43+00:00,yt-dlp public YouTube metadata extractor
X1nkiGVafwI,performance_english,Peking Opera performance,13,Peking Opera Acrobatics,,China National Peking Opera Company UK Tour,UC6rm-FdKEsaTycCAtnkrumg,20151015,1444919463,51,35966,444.0,10.0,https://www.youtube.com/watch?v=X1nkiGVafwI,public,not_live,,(chinese|opera|acrobatics|fight scene|uk tour|china|peking opera|scene|performance arts,People & Blogs,https://i.ytimg.com/vi/X1nkiGVafwI/maxresdefault.jpg,2026-07-24T07:42:43+00:00,yt-dlp public YouTube metadata extractor
EmHYhDXz-Zs,performance_english,Peking Opera performance,14,京劇【鍘美案】包公 唱段,【鍘美案】包公 唱段,richard1298,UCNM4CycWeYgWQWBYCoCfSdg,20090101,1230768537,90,4598599,173344.0,9400.0,https://www.youtube.com/watch?v=EmHYhDXz-Zs,public,not_live,,京劇【鍘美案】包公|唱段,Music,https://i.ytimg.com/vi/EmHYhDXz-Zs/hqdefault.jpg?sqp=-oaymwEmCOADEOgC8quKqQMa8AEB-AG-AoAC8AGKAgwIABABGEcgZShlMA8=&rs=AOn4CLB2rYNhJfvX9CjeIxxFW_Msg7nNZw,2026-07-24T07:42:43+00:00,yt-dlp public YouTube metadata extractor
zaPZfHQ_VHE,performance_english,Peking Opera performance,15,"Peking Opera Impressions - 2023 Gala Performance of Yaya Dance Academy 京剧印象, 水袖","2023 Gala Performance of Yaya Dance Academy
Peking Opera Impressions

Teacher: Ms. Yaya & Ms. Zhihan
Choreographer: Ms. Yaya

丫丫舞蹈学校
Yaya Dance Academy",舞彩云霞Dancing Cloud,UC-KvHPT_97xt6Y-uy8Xtfdg,20230523,1684822584,248,12189,85.0,,https://www.youtube.com/watch?v=zaPZfHQ_VHE,public,not_live,,,Entertainment,https://i.ytimg.com/vi/zaPZfHQ_VHE/maxresdefault.jpg,2026-07-24T07:42:43+00:00,yt-dlp public YouTube metadata extractor
5NzBu5v-ISE,performance_english,Peking Opera performance,16,"""Qin Xianglian"" (秦香莲) [English Subtitles]","My amateur translation, original video from the good people at operabeijing.com. Feel free to leave any translation corrections/suggestions in the comments.

The story of Qin Xianglian and her unscrupulous husband is quite well-known in China; this is a slightly abridged production of the Beijing opera adaptation of the tale. For some interesting insights into the story's background, please see: http://watersleeves.blogspot.com/2009/06/chinese-opera-myths-and-facts.html

Random notes:
-Lord Mengchang: http://en.wikipedia.org/wiki/Lord_Mengchang
-Zhuangyuan: The top scoring candidate in a given round of the imperial examinations; an incredibly difficult achievement, which is why it has its own title. In addition to this term, there are several other words of imperial-exam-lingo throughout this play that I've tried to render as understandable as possible.
-Manor: Anytime this appears, the word is 府 (fu). There may be a standard translation for 府, but I don't know it. It's not really a country estate, but rather the official mansion/office of a minister.
-Nanke dream: http://en.wikipedia.org/wiki/The_Governor_of_Nanke
-Ink Pool Palace: A term sometimes used for the home of a great scholar
-""We,"" ""Us,"" etc.: Shimei refers to himself using 本宫 (bengong), a term reserved for royalty. I've tried approximating it with the royal ""we.""
-""You've found a bride but forgotten your wife"": Here and elsewhere, I tried to keep the wordplay between 新人 and 旧人.  新人 means ""bride"", but can literally be broken down into ""new person."" 旧人, by contrast, doesn't typically refer to anything in particular, but literally means ""old person.""
-Chaff: The word is actually 糟糠 (zaokang), the distillers grains left over after making alcohol. In Chinese, the word has been extended to mean ""discard something as worthless.""
-Birthday: Chinese has a number of words for ""birthday"" (including ""thousand-autumns""), of varying formality and literariness, which have no English equivalents
-ten-li pavilion: at one point, pavilions were erected every ten li (a traditional unit of length) along major roads, to provide resting spots for travelers
-Baili Xi: http://www.tasteoflifemag.com/recommended/%E3%80%8C%E4%BA%94%E7%BE%96%E5%A4%A7%E5%A4%AB%E3%80%8D%E7%99%BE%E9%87%8C%E5%A5%9A?lang=en
-Chancellor Wang: Chancellor Wang uses a large number of 成语 (chengyu), Chinese idioms that are difficult to translate. 成语 are usually 4 or 8 word phrases that allude to various historical or legendary stories to express messages that would normally take a paragraph to explain. So, I don't have space to explain each one...
-""hot-and-cold, unfaithful husband"": Wang uses two chengyu that use heat and cold to describe inconstancy and how people will abandon those they can no longer use to their own advantage.
-""Great men have short memories"": This chengyu usually refers specifically to how successful people forget all those who helped them along the way, but Wang is hiding his intentions behind its literal meaning
-""Yapei!"": This along, with ""du,"" ""zou,"" etc. are somewhat untranslatable exclamations. My dictionary suggests ""Fie!"" but I prefer ""Yapei!""
-""A wolf in a tiger's skin..."": Two chengyu referring to people that borrow authority to make threats
-Soldier Han Qi: Han Qi is actually a 家将 (jiajiang), a warrior in the private employment of a wealthy bureaucrat in olden times.
-""Purity will remain in this world"": A line from Ming poet Yu Qian's poem ""石灰吟"" (Song of Lime), which uses limestone, which leaves behind a pure white powder after being subjected to mining and burning, as a metaphor for how one should live
-""Bright Mirror On High"": A phrase often associated with the legendary Bao, who would expose evil like said mirror. This and several lines in Bao's self-introduction refer to famous episodes from his life
-""I eat on an imperial salary"": Literally, ""I eat an imperial salary."" This was a not unknown way for ministers to express their loyalty to the emperor, though, so I modified it to avoid making Bao's speech seem affected
-Wang Chao's entrance: This production omits a scene (probably for the sake of time) in which Wang Chao goes to the prince consort's manor to investigate Han Qi's murder, so this part is extremely confusing
-Thirty six stratagems: http://en.wikipedia.org/wiki/Thirty-Six_Stratagems
-""Today, you are human in appearance only"": A colorful phrase in Chinese. Literally, ""you perversely wrap yourself in human skin"" (枉披人皮)
-""I'll behead this treacherous man, then inform the emperor"": A reference to how Bao was said to be so trusted that he was allowed to act without first consulting the emperor
-""Look not at the monk's face..."": i.e. overlook the situation at hand and act on behalf of a third-party
-""reunite a broken mirror"": couples that have separated are sometimes called ""broken mirrors""
-""Oh, murderous heavens"": Although Xianglian has faced murder, this is also a more general oath or curse.",Nikhi Chau,UC1Y55WqXd-IqV0KMzdJRUyA,20140719,1405742464,8817,524014,17540.0,1300.0,https://www.youtube.com/watch?v=5NzBu5v-ISE,public,not_live,,qin xianglian|chen shimei|秦香莲|陈世美|京剧|chinese opera|peking opera|beijing opera|judge bao|包拯|subtitles|world music,People & Blogs,https://i.ytimg.com/vi/5NzBu5v-ISE/maxresdefault.jpg,2026-07-24T07:42:43+00:00,yt-dlp public YouTube metadata extractor
Rtchz98EmHk,performance_english,Peking Opera performance,17,"The Peking Opera - ""Stealing the Stored Silver""","The Peking Opera bears little similarity to Western ideas of opera and is often referred to as  ""action opera.""

 It is a multi-faceted entertainment encompassing all aspects of performance from song and dance to juggling, sword-throwing, martial arts, mime and of course the amazing acrobatics for which the Chinese are renowned.

Like us on Facebook! Go to: http://on.fb.me/ThePekingAcrobats-FB
For more information visit: http://bit.ly/IAI_PekingOpera 
Show Schedules can be found at:  http://bit.ly/PekingOperaShowSchedule 
Experience the excitement at home -- check out the IAI Presentations, Inc. Store! http://amzn.to/IAI-Store",IAI Presentations Inc.,UCDidMVcV5mzj2Y9FBINMVTw,20110925,1316974398,218,132093,646.0,19.0,https://www.youtube.com/watch?v=Rtchz98EmHk,public,not_live,,Peking|peking opera|the peking opera|chinese opera|chinese operas|opera|chinese opera show|chinese opera video|iai presentations,Entertainment,https://i.ytimg.com/vi/Rtchz98EmHk/sddefault.jpg?sqp=-oaymwEmCIAFEOAD8quKqQMa8AEB-AH-BIAC6AKKAgwIABABGH8gPCg9MA8=&rs=AOn4CLASKCAOHavNY7p9eCIgHpm5htf00g,2026-07-24T07:42:43+00:00,yt-dlp public YouTube metadata extractor
HAo8Eyia420,performance_english,Peking Opera performance,18,Chinese - Beijing / Peking opera (京剧): Yandang Mountain (雁荡山) - complete,"The war between the rebellious peasants and the imperial army.
Meng Haigong (farmer general) – Xue Yongkang
He Tianlong (emperial general) – Lan Yumin
The plot of this play was made up, and there is neither song nor lyrics throughout. All is depicted by vivid movements, acrobatics and miming. The story is set in 589 AD. 
The name ""yandang"" comes from the lake of beautiful view on the top of the mountain, where the spreading reed, and the wild geese come and live here in autumn.
Peking Opera of Shanghai, director: Li Yuru, 1984.
PLAYLIST : Theatre and more:
https://www.youtube.com/playlist?list=PLA77B5E2507D2B7E0",betapicts,UC4Dt0gAkLdsAbTcRjq5zeNw,20180802,1533170194,1006,200541,2738.0,251.0,https://www.youtube.com/watch?v=HAo8Eyia420,public,not_live,,Peking opera|Beijing Opera|京剧|Yandang Mountain|雁荡山|Meng Haigong|He Tianlong|Peking Opera of Shanghai|1984|acrobatics|mime,Education,https://i.ytimg.com/vi/HAo8Eyia420/maxresdefault.jpg,2026-07-24T07:42:43+00:00,yt-dlp public YouTube metadata extractor
DiCXelCV-ro,performance_english,Peking Opera performance,19,Excerpt of Fight against Ma Chao presented by China National Peking Opera Company,,China National Opera Company,UCJbLX82jdByCiIpsl3Px9WA,20211117,1637133179,340,19474,260.0,5.0,https://www.youtube.com/watch?v=DiCXelCV-ro,public,not_live,,,People & Blogs,https://i.ytimg.com/vi/DiCXelCV-ro/maxresdefault.jpg,2026-07-24T07:42:43+00:00,yt-dlp public YouTube metadata extractor
L2c9urbaZNk,performance_english,Peking Opera performance,20,Vica’s vlog: 【Peking Opera】The four main types of roles of Peking Opera,行当 háng dang Categories of opera roles. It is a theatrical term -- “ The categories of professional division of opera actors are divided according to the type of role”. There are mainly four categories of Beijing Opera: 生 shēng、旦dàn 、净jìng、丑chǒu. Let’s have a look of the four main roles on the stage through my vlog!,Vica Vibes,UC9lI3GcZkJDgdZSeuR6rt5g,20210624,1624506468,324,31558,515.0,10.0,https://www.youtube.com/watch?v=L2c9urbaZNk,public,not_live,,chineseclass|chineseword|chinese|chinesecharacters|learnchinese|learningchinese|languagelearning|freeclass|mandrin|chineseteacher|china|travel|speakchinese|เรียนจีน|hsk|VicaLiChinese|Peking Opera,People & Blogs,https://i.ytimg.com/vi/L2c9urbaZNk/maxresdefault.jpg,2026-07-24T07:42:43+00:00,yt-dlp public YouTube metadata extractor
e1BhZYBhYgw,performance_chinese,京剧选段,1,孟广禄演绎京剧《铡美案》选段，裘派花脸再现巅峰唱功，“尊一声驸马爷细听端的” 来自《中国戏曲大会》| 中华戏韵,"#戏曲 #戏曲名段 #戏曲经典 #京剧 
京剧《铡美案》选段 演出单位：天津青年京剧团，孟广禄 饰 包拯。

剧情简介：北宋年间，陈世美停妻另娶，招为附马，秦香莲带领一双儿女京城寻夫，陈世美非但不认，反差韩琪杀人灭口，韩琪仗义自杀。秦香莲告至开封府，包拯不顾皇家威吓，秉公执法，铡了驸马陈世美，为秦香莲报仇伸冤。

►▷《中国戏曲大会》播放列表：https://bit.ly/3DvtujF
【订阅中华戏韵频道】：https://bit.ly/2RA8tef

■□更多中华戏韵精彩节目列表■□
京剧集锦·播放列表：https://bit.ly/3Wyjk8e
评剧集锦·播放列表：https://bit.ly/3vvzAv2
豫剧集锦·播放列表：https://bit.ly/3DeanKC
越剧集锦·播放列表：https://bit.ly/3TjniQM
黄梅戏集锦·播放列表：https://bit.ly/3MMoCsX",中华戏韵,UC2aWa2L_rVzIrYmmjjEEEog,20170808,1502173439,327,482241,8137.0,202.0,https://www.youtube.com/watch?v=e1BhZYBhYgw,public,not_live,,戲曲|京劇|鍘美案|包公|包拯|孟广禄|裘派名家|京剧裘派|天津京剧团|孟广禄包公|孟广禄铡美案|秦香蓮|包公案|百家公案|陳世美|辛寶達|李長春|狀元|宋仁宗|孟廣祿|京劇裘派|天津京劇團|孟廣祿包公|孟廣祿鍘美案|駙馬|韓琪|自盡|凶手|展昭|發配邊疆|祺家夫婦|祺大娘|公主|太后|龍頭鍘|狀告|皇上|君王|CCTV|cctv戏曲|China|戏曲频道|CCTV戏曲|戏曲名段|京剧选段|黄梅戏选段|豫剧选段|评剧选段|艺术|曲艺|傳統藝術|國粹|国粹|梅蘭芳|尚小雲|程硯秋|荀慧生|常香玉|小白玉霜|周信芳|马连良|裘盛戎|谭富英|戲曲名段|黃梅戲|粤剧|秦腔|戲曲頻道|CCTV戲曲|CCTV11|央视戏曲|中华戏韵|中華戲韵|中国戏曲大会|中國戲曲大會|中華戲韻,Entertainment,https://i.ytimg.com/vi/e1BhZYBhYgw/maxresdefault.jpg,2026-07-24T07:42:43+00:00,yt-dlp public YouTube metadata extractor
zyg2sT4iSRA,performance_chinese,京剧选段,2,[2014年春晚]京剧《同光十三绝》 表演者：国家京剧院一团,"[2014年春晚]京剧《同光十三绝》 表演者：国家京剧院一团
中国中央电视台春节联欢晚会简称春晚，是中国规模最大、最受关注、收视率最高、影响力最大的综艺性晚会。",CCTV春晚,UCjnJ4buqbnpRVaT3IDUQPZQ,20151228,1451289670,408,339290,3921.0,104.0,https://www.youtube.com/watch?v=zyg2sT4iSRA,public,not_live,,央视春节晚会|央视春晚|春晚|中国中央电视台|晚会|文艺晚会|The Spring Festival Gala CCTV,News & Politics,https://i.ytimg.com/vi/zyg2sT4iSRA/maxresdefault.jpg,2026-07-24T07:42:43+00:00,yt-dlp public YouTube metadata extractor
7IfAZrdQos0,performance_chinese,京剧选段,3,京剧 Beijing opera《沙家浜》选段 [智斗] - 于魁智 李胜素 杨赤,选自2014年辽宁春节联欢晚会,pirpu long,UCWsSmtBd3JPG-d_zqHL0iPQ,20190706,1562421568,359,179677,802.0,61.0,https://www.youtube.com/watch?v=7IfAZrdQos0,public,not_live,,沙家浜|京剧|李胜素|于魁智|杨赤|Beijing opera,People & Blogs,https://i.ytimg.com/vi/7IfAZrdQos0/sddefault.jpg,2026-07-24T07:42:43+00:00,yt-dlp public YouTube metadata extractor
vPQjyHzgH5s,performance_chinese,京剧选段,4,王珮瑜《捉放曹》（京剧选段）来自 《CCTV空中剧院》 | CCTV戏曲,"京剧《捉放曹》选段 演唱：王珮瑜

《CCTV空中剧院》以播出经典大戏或折子戏为主体，以京剧艺术家和中国京剧优秀青年演员研究生的联合演出，呈现给广大戏曲观众。

#空中剧院 #京剧 #捉放曹 #王珮瑜

2017《CCTV空中剧院》播放列表：https://bit.ly/3SYX6ex
【订阅CCTV戏曲频道】：https://bit.ly/32iZfYI

■□更多CCTV戏曲精彩节目列表■□
京剧集锦·播放列表：https://bit.ly/3AxUtqk
评剧集锦·播放列表：https://bit.ly/3hJpxMq
豫剧集锦·播放列表：https://bit.ly/3EqMuxQ
越剧集锦·播放列表：https://bit.ly/3zkylyx
黄梅戏集锦·播放列表：https://bit.ly/3nIQSCp

■□更多精彩视频，请关注我们■□
CCTV中国中央电视台：https://bit.ly/32loVDW
CCTV电视剧：https://bit.ly/2HOMYBJ
CCTV纪录：https://bit.ly/3c4UlTp
CCTV科教：https://bit.ly/2HN7yCr

■□关注CCTV系列帐号 Like us on Facebook■□
Facebook（中文）: https://www.facebook.com/CCTV.CH/ 
Facebook（英文）: https://www.facebook.com/cctvcom",中华戏韵,UC2aWa2L_rVzIrYmmjjEEEog,20170712,1499859941,318,229642,832.0,35.0,https://www.youtube.com/watch?v=vPQjyHzgH5s,public,not_live,,空中剧院|空中劇院|京剧捉放曹|京剧|京劇|捉放曹|曹操|Chinese opera|香港文化中心大劇院|香港|王珮瑜|戲曲故事|三國|三国|三国演义|三國演義|漢帝|董卓|梅蘭芳|梅兰芳|陳宫|历史|歷史|吕伯奢|中牟縣|戏曲|评剧|豫剧|越剧|黄梅戏|戏曲频道|CCTV戏曲|戲曲|戏曲名段|京剧选段|黄梅戏选段|豫剧选段|艺术|曲艺|傳統藝術|國粹|国粹|尚小雲|程硯秋|荀慧生|常香玉|小白玉霜|周信芳|马连良|裘盛戎|谭富英|戲曲名段|評劇|豫劇|越劇|戲曲頻道|CCTV戲曲|CCTV|CCTV11|央视戏曲,Entertainment,https://i.ytimg.com/vi/vPQjyHzgH5s/maxresdefault.jpg,2026-07-24T07:42:43+00:00,yt-dlp public YouTube metadata extractor
1fFy-dCtWog,performance_chinese,京剧选段,5,2010年戏曲晚会 京剧 《双投唐》 选段  孟广禄 杜镇杰,2010年戏曲晚会 京剧 《双投唐》 选段  孟广禄 杜镇杰,Joey “Amd103” Sun,UCNw_zCCeigA6K56YeZ4vHrA,20100215,1266252285,270,590562,1681.0,217.0,https://www.youtube.com/watch?v=1fFy-dCtWog,public,not_live,,2010年戏曲晚会|京剧|双投唐|选段|孟广禄|杜镇杰,Music,https://i.ytimg.com/vi/1fFy-dCtWog/hqdefault.jpg?sqp=-oaymwEmCOADEOgC8quKqQMa8AEB-AHeA4AC6AKKAgwIABABGFogRihlMA8=&rs=AOn4CLAdvkpwjnIdCjG2RDjGsyFS6p-GAA,2026-07-24T07:42:43+00:00,yt-dlp public YouTube metadata extractor
zD5qKopfUJs,performance_chinese,京剧选段,6,1996年央视春晚 京剧名家名段荟萃《行云流水》于魁智 李海燕 邓沐玮 梅葆玖 李维康 耿其昌 | CCTV春晚,"京胡：张素英  演唱：
《三家店》于魁智
《锁麟囊》李海燕
《铡美案》邓沐玮
《穆桂英挂帅》梅葆玖
《大登殿》赵葆秀
《四郎探母》李维康 耿其昌

1996 央视春节联欢晚会
张晓海
本年度热门节目：开场歌舞|歌舞《过大年》|歌组合《童心童趣》|小品《机器人趣话》|歌曲《火火的北京》|音乐小品《过河》|歌舞《兵哥哥》|三地小品《一个钱包》|歌组合《乡风乡韵》|戏歌《中国戏曲真神奇》|相声《其实你不懂我的心》|歌曲《我的爱对你说》|小品《打工奇遇》|舞蹈《丰收夜》小品《今晚直播》小品《路口》|歌曲《我们一起来唱歌》|小品《三鞭子》|京剧《行云流水》|相声《明天会更好》|激光琴演奏《流光溢彩》|歌组合《′95流行风》|地方戏曲集锦《三洞房》|独舞《绿》|评弹演唱《穿越霓虹》|相声《老少乐》|歌曲《名人名曲组唱》|三地歌组合《神州大对歌》|三地歌舞《迎春钟声》|歌曲《中国我可爱的家乡》|歌曲《畅饮回忆》|歌组合《欢歌恋曲》|魔术《隔夜修书》|歌曲《公仆赞》|歌组合《江河共举杯》|歌曲《难忘今宵》

观看更多[CCTV春晚]节目：
网络春节联欢晚会 Chinese New Year Pre-Eve Gala: https://goo.gl/NHKxIq
仟禧年代央視春晚Spring Festival Gala through the 00's: https://goo.gl/lrZrwx
九零年代央視春晚Spring Festival Gala through the 90's: https://goo.gl/t2HFv0
八零年代央視春晚Spring Festival Gala through the 80's: https://goo.gl/LiryJc
春节联欢晚会[小品类]节目合辑: https://goo.gl/QvXG6H
春节联欢晚会[歌舞类]节目合辑: https://goo.gl/DVe4rx
春节联欢晚会[魔术类]节目合辑: https://goo.gl/PoaWle
春节联欢晚会[相声类]节目合辑: https://goo.gl/qyzsJo",CCTV春晚,UCjnJ4buqbnpRVaT3IDUQPZQ,20160113,1452664408,466,381503,2056.0,71.0,https://www.youtube.com/watch?v=zD5qKopfUJs,public,not_live,,春晚1996|春晚|CHINESE OPERA|央视春晚 1996|beijing opera|京剧选段|央视春晚|Spring Festival|梅兰芳|春晚直播|1996 央视春晚|直播春晚|春节联欢晚会|CCTV春晚|春晚小品|春晚相声|央视春节晚会|除夕|Chinese New Year|CNY|chunwan|张也|魏松|冯健雪|杭天琪|红霞|徐樱|王平|唐杰忠|王谦|张晓海|央视|CCTV,Entertainment,https://i.ytimg.com/vi/zD5qKopfUJs/sddefault.jpg,2026-07-24T07:42:43+00:00,yt-dlp public YouTube metadata extractor
v_L0fZx8SiQ,performance_chinese,京剧选段,7,1989年央视春节联欢晚会 京剧《锁麟囊》选段《春秋亭》 迟小秋| CCTV春晚,"订阅CCTV YouTube官方频道 / Subscribe to our Official channels：
CCTV春晚: http://goo.gl/A9V00o
CCTV : https://goo.gl/gYT8W8
CCTV中文国际: http://goo.gl/HcZaeZ

关注CCTV Facebook 官方账号 / Like us on Facebook：
CCTV: https://www.facebook.com/cctvcom/
CCTV中文: https://www.facebook.com/CCTV.CH/

节目看点：1989 央视春节联欢晚会 Chinese New Year Gala Snake
赵安|张晓海
本年度热门节目：《春节序曲》|相声《送春联》|花鼓戏《补锅》|小品《英雄母亲的一天》|气功表演《喷水断砖》|《缩身进笼》|歌曲《山情》|综合节目《儿童集体速算》|歌曲《好小子》|杂技《少儿杂技集锦》|京剧《铡美案》|歌曲《圆圆的世界》|黄梅曲|越剧对唱《十八相送》|歌曲《是你给我爱》|小品《招聘》|歌曲《爱的奉献》|战士拉歌|歌曲《英雄的赞歌》|相声《送别》|舞蹈《舞之魂》|《版纳三色》|《孔雀》|双簧|现代歌舞《跳起来》|综合节目《五花八门》|歌曲《指南针》|演唱者蔡虹红|谜语擂台赛|歌曲《明月千里寄相思》|《心恋》|相声《生日祝辞》|京剧《苏三起解》|歌曲《故园之恋》|歌曲《春满京城》|小品《懒汉相亲》|京剧《锁麟囊》选段《春秋亭》|歌曲《跟着感觉走》|《外婆的澎湖湾》|《太阳与月亮》|歌曲《外国影视歌曲联唱》|歌曲《歌声与微笑》|歌曲《你、我、他》|小品《胡椒面》|相声《捕风捉影》|歌曲《我的祖国》|歌曲《今宵多美好》|综合节目《活字典》|相声《太挤了》|民族舞蹈《中国风》|歌曲《走向未来》

观看更多[CCTV春晚]节目：
网络春节联欢晚会 Chinese New Year Pre-Eve Gala: https://goo.gl/NHKxIq
十二生肖帶你看春晚 Chinese Zodiac Year: https://goo.gl/Bom8j7
仟禧年代央視春晚Spring Festival Gala through the 00's: https://goo.gl/lrZrwx
九零年代央視春晚Spring Festival Gala through the 90's: https://goo.gl/t2HFv0
八零年代央視春晚Spring Festival Gala through the 80's: https://goo.gl/LiryJc
春节联欢晚会[小品类]节目合辑: https://goo.gl/QvXG6H
春节联欢晚会[歌舞类]节目合辑: https://goo.gl/DVe4rx
春节联欢晚会[魔术类]节目合辑: https://goo.gl/PoaWle
春节联欢晚会[相声类]节目合辑: https://goo.gl/qyzsJo",CCTV春晚,UCjnJ4buqbnpRVaT3IDUQPZQ,20160113,1452649184,199,232119,1431.0,38.0,https://www.youtube.com/watch?v=v_L0fZx8SiQ,public,not_live,,春晚1989|春晚|央视春晚 1989|1989 央视春晚|央视春晚|春晚直播|直播春晚|春节联欢晚会|CCTV春晚|春晚小品|春晚相声|央视春节晚会|除夕|Chinese New Year|CNY|chunwan|李金斗|陈涌泉|张也|邢险峰|苏小路|赵|赵安|张晓海|央视|CCTV|Spring Festival,Entertainment,https://i.ytimg.com/vi/v_L0fZx8SiQ/sddefault.jpg,2026-07-24T07:42:43+00:00,yt-dlp public YouTube metadata extractor
BE8kntWaRxw,performance_chinese,京剧选段,8,穷人的孩子早当家，现代京剧《红灯记》选段，演唱，浩亮,穷人的孩子早当家，现代京剧《红灯记》选段，演唱，浩亮,xiaopai ni,UC9ZCAIXTSNwjr44MgIG06mQ,20201121,1605943164,56,7261,39.0,7.0,https://www.youtube.com/watch?v=BE8kntWaRxw,public,not_live,,,Howto & Style,https://i.ytimg.com/vi/BE8kntWaRxw/sddefault.jpg?v=5fb8bf10,2026-07-24T07:42:43+00:00,yt-dlp public YouTube metadata extractor
jpvIzzUtz50,performance_chinese,京剧选段,9,京剧《智取威虎山》打虎上山选段 - 穿林海跨雪原 于魁智演唱,,HuaxiaPeople,UCMb9mRGx_SFsJXiy8IO7UUQ,20180102,1514859594,367,79083,542.0,82.0,https://www.youtube.com/watch?v=jpvIzzUtz50,public,not_live,,于魁智|京剧|智取威虎山|打虎上山|穿林海跨雪原|Peking Opera|样板戏,Music,https://i.ytimg.com/vi/jpvIzzUtz50/hqdefault.jpg,2026-07-24T07:42:43+00:00,yt-dlp public YouTube metadata extractor
ghSsfJKbNaU,performance_chinese,京剧选段,10,[青春戏苑]京剧《霸王别姬》选段 表演：姜美伊|CCTV戏曲,"京剧《霸王别姬》选段，表演：姜美伊。
《青春戏苑》栏目以大胆创新的风格力推梨园新星，借青春时尚的形式传承古典厚重的戏曲文化艺术。节目以综艺戏曲晚会、新人新秀演绎的形式每周呈现一期，内容主要涵盖京剧、昆曲、越剧、豫剧、黄梅戏、评剧等中国几大历史悠久影响深远的剧种以及其他极具特色的地方戏。

【订阅CCTV戏曲频道】：https://bit.ly/32iZfYI

■□更多CCTV戏曲精彩节目列表■□
京剧集锦·播放列表：https://bit.ly/3AxUtqk
评剧集锦·播放列表：https://bit.ly/3hJpxMq
豫剧集锦·播放列表：https://bit.ly/3EqMuxQ
越剧集锦·播放列表：https://bit.ly/3zkylyx
黄梅戏集锦·播放列表：https://bit.ly/3nIQSCp

■□更多精彩视频，请关注我们■□
CCTV中国中央电视台：https://bit.ly/32loVDW
CCTV电视剧：https://bit.ly/2HOMYBJ
CCTV纪录：https://bit.ly/3c4UlTp
CCTV科教：https://bit.ly/2HN7yCr

■□关注CCTV系列帐号 Like us on Facebook■□
Facebook（中文）: https://www.facebook.com/CCTV.CH/ 
Facebook（英文）: https://www.facebook.com/cctvcom",中华戏韵,UC2aWa2L_rVzIrYmmjjEEEog,20220717,1658061011,563,3386,53.0,,https://www.youtube.com/watch?v=ghSsfJKbNaU,public,not_live,,青春戏苑|青春戲苑|戏曲|京剧|评剧|豫剧|越剧|黄梅戏|戏曲频道|CCTV戏曲|戲曲|戏曲名段|京剧选段|黄梅戏选段|豫剧选段|评剧选段|越剧选段|艺术|曲艺|傳統藝術|國粹|国粹|梅蘭芳|尚小雲|程硯秋|荀慧生|常香玉|小白玉霜|周信芳|马连良|裘盛戎|谭富英|戲曲名段|京劇|評劇|豫劇|越劇|黃梅戲|河北梆子|粤剧|秦腔|戲曲頻道|CCTV戲曲|CCTV|CCTV11|央视戏曲,Entertainment,https://i.ytimg.com/vi/ghSsfJKbNaU/maxresdefault.jpg,2026-07-24T07:42:43+00:00,yt-dlp public YouTube metadata extractor
VvJ67cR6oXU,performance_chinese,京剧选段,11,[2017六一晚会] 20170601京剧《定军山》选段 | CCTV,"2017年中央电视台六一晚会《花儿向阳开》将放眼全球，涵盖“自主原创+精品荟萃”的丰富多元艺术门类，有歌舞、武术、情景表演、魔术、童声合唱、器乐表演、杂技、少儿戏曲等；还有跨越不同代际的强大演员阵容，共囊括国内外演员1500余人，既有德艺双馨的老艺术家、最具人气的少年组合、一家三代的传统艺术世家，还有酷爸靓妈萌娃齐聚的明星家庭。

《2017六一儿童节晚会 - 花儿向阳开》官方高清播放列表：https://goo.gl/qACP3X

【订阅CCTV中国中央电视台官方频道】: https://goo.gl/gYT8W8

■□其他CCTV央视精彩节目官方超清■□
《2016六一儿童节晚会》官方高清播放列表：https://goo.gl/vuruzx
《2017五四青年节晚会 - 五月的鲜花》官方高清播放列表：https://goo.gl/GrM2q4
《中国梦 劳动美 - 2017五一劳动节晚会》官方高清播放列表：https://goo.gl/rmcVCF
《花开中国 - 2017三八妇女节特别节目》官方高清播放列表：https://goo.gl/XfD9hK
《启航2017元旦晚会》官方高清播放列表：https://goo.gl/PNHwvI
《2016开学第一课》官方高清播放列表：https://goo.gl/mIdN29

■□关注CCTV Facebook 官方帐号 Like us on Facebook■□
Facebook: https://www.facebook.com/cctvcom
Twitter: https://twitter.com/CCTV
Instagram: http://instagram.com/cctv
 
■□关更多精彩官方视频，请关注我们■□
CCTV春晚: http://goo.gl/A9V00o
CCTV中文国际: http://goo.gl/HcZaeZ
CCTV: https://goo.gl/gYT8W8
iPanda: https://goo.gl/5RSdbl",CCTV中国中央电视台,UCcLK3j-XWdGBnt5bR9NJHaQ,20170602,1496369640,61,1268,12.0,,https://www.youtube.com/watch?v=VvJ67cR6oXU,public,not_live,,六一|儿童节|儿童节晚会|20170601|2017儿童节|央视|中国中央电视台|2017六一儿童节文艺晚会|儿童|国际儿童日|晚会|Children's Day|Children's Day Gala|CCTV|CNTV|京剧|定军山,Entertainment,https://i.ytimg.com/vi/VvJ67cR6oXU/maxresdefault.jpg,2026-07-24T07:42:43+00:00,yt-dlp public YouTube metadata extractor
PPQz8BaIuWU,performance_chinese,京剧选段,12,一百位京剧名家演唱会之四 老生艺术家专场,老生专场：于魁智、王佩瑜、刘少军、朱强、严阵、张克、张建国、李军、李文林、李阳鸣、杜镇杰、杨少鹏、裴咏杰,Chianks,UCMiAm96kVQp_qPK6A1G5XDg,20140131,1391155918,9668,337072,1194.0,145.0,https://www.youtube.com/watch?v=PPQz8BaIuWU,public,not_live,,,Film & Animation,https://i.ytimg.com/vi/PPQz8BaIuWU/hqdefault.jpg?sqp=-oaymwEmCOADEOgC8quKqQMa8AEB-AG-A4AC0AKKAgwIABABGBQgSCh_MA8=&rs=AOn4CLDrzO2nze6bA3HNApGYgwHVHe4WbA,2026-07-24T07:42:43+00:00,yt-dlp public YouTube metadata extractor
9Zw7K24nwOM,performance_chinese,京剧选段,13,1993年央视春节联欢晚会 京剧选段《坐宫》 梅葆玖 梅葆玥 | CCTV春晚,"订阅CCTV YouTube官方频道 / Subscribe to our Official channels：
CCTV春晚: http://goo.gl/A9V00o
CCTV : https://goo.gl/gYT8W8
CCTV中文国际: http://goo.gl/HcZaeZ

关注CCTV Facebook 官方账号 / Like us on Facebook：
CCTV: https://www.facebook.com/cctvcom/
CCTV中文: https://www.facebook.com/CCTV.CH/

节目看点：1993 央视春节联欢晚会 Chinese New Year Gala Cock
张子扬
本年度热门节目：开场曲《挂红灯》|歌舞《除夕三喜》|戏曲表演《春童献瑞》|小品《擦皮鞋》|歌舞《好年头好兆头》|戏曲小品《群丑争春》|歌曲《想家的时候》|小品《老拜年》|歌曲《像雾像雨又像风》|歌曲《除了你还有谁》|《龙鼓喧天震四海》|舞蹈《山妞与模特》|歌曲《走进我的梦幻童年》|小品《张三其人》|歌曲《赶圩归来啊哩哩》|相声《楼道曲》|歌曲《众人划浆开大船》|舞蹈《两棵树》|小品《桥》|歌曲《回家》|歌曲联唱《热歌热舞》|《把所有的爱都给你》|《全心演好每一个自己》|川剧小品《射雕》|歌曲《妈妈怀里的歌》|相声《拍卖》|歌曲《为我们的今天喝彩》|京剧选段《坐宫》|小品《推销》|《粉墨登场迎新岁》|歌曲《传统光辉耀星河》|歌曲《风》|民乐演奏《幸福年》|小品《黄土坡》|相声《侯大明白》|戏曲《武旦绝技》|《一角四唱》|小品《市场速写》|舞蹈《闻鸡起舞》|贺岁片《威风锣鼓》|结束曲《携手同行》

观看更多[CCTV春晚]节目：
网络春节联欢晚会 Chinese New Year Pre-Eve Gala: https://goo.gl/NHKxIq
十二生肖帶你看春晚 Chinese Zodiac Year: https://goo.gl/Bom8j7
仟禧年代央視春晚Spring Festival Gala through the 00's: https://goo.gl/lrZrwx
九零年代央視春晚Spring Festival Gala through the 90's: https://goo.gl/t2HFv0
八零年代央視春晚Spring Festival Gala through the 80's: https://goo.gl/LiryJc
春节联欢晚会[小品类]节目合辑: https://goo.gl/QvXG6H
春节联欢晚会[歌舞类]节目合辑: https://goo.gl/DVe4rx
春节联欢晚会[魔术类]节目合辑: https://goo.gl/PoaWle
春节联欢晚会[相声类]节目合辑: https://goo.gl/qyzsJo",CCTV春晚,UCjnJ4buqbnpRVaT3IDUQPZQ,20160111,1452477867,189,107467,414.0,14.0,https://www.youtube.com/watch?v=9Zw7K24nwOM,public,not_live,,春晚1993|春晚|央视春晚 1993|1993 央视春晚|央视春晚|春晚直播|直播春晚|春节联欢晚会|CCTV春晚|春晚小品|春晚相声|央视春节晚会|除夕|Chinese New Year|CNY|chunwan|海军海娃艺术团|宋祖英|李丹阳|吴琼|陈俊华|秦鸣晓|姚金芬|南京小红花艺术团|黄宏|魏积安|陈红|景岗山|朱世慧|寇春华|牛得草|张寄蝶|刘异龙|林继凡|李笑非|任廷芳|王道正|阎维文|万山红|赵本山|王中青|苏杰|阎淑萍|梁雁翎|邝美云|成龙|周洁|四川省凉山州歌舞团|蔡国庆|严顺开|赵玲琪|杨新鸣|徐小帆|鞠波|罗宁娜|姜昆|唐杰忠|傅笛生|杨丽萍|陆亚|潘长江|黄小娟|王杰|郭富城|马萃如|王馥荔|邓婕|陈小艺|蒋小涵|牛群|冯巩|林萍|梅葆玖|梅葆|张国立|刘亚津|张敬|新广及黄捷宽舞蹈团|毛阿敏|中国广播艺术团民乐团|郭达|蔡明|侯跃文|石富宽|方小娅|王树芳|郭冬临|张慈|法比奥|陶金|阿内|阿兵|张艺谋|解晓东|罗文|苏芮|巫启贤|那英|张子扬|央视|CCTV|Spring Festival,Entertainment,https://i.ytimg.com/vi/9Zw7K24nwOM/sddefault.jpg?sqp=-oaymwEmCIAFEOAD8quKqQMa8AEB-AH-BIAC4AOKAgwIABABGH8gHygTMA8=&rs=AOn4CLAPUDwCOyPgr23eX_CaYx81YbkoIw,2026-07-24T07:42:43+00:00,yt-dlp public YouTube metadata extractor
P7-HNSqNEa0,performance_chinese,京剧选段,14,[2020央视春晚] 京剧《空城计》选段 演唱：王珮瑜 杨少彭 杜喆 薄云天 李智仁（完整版）| CCTV春晚,"京剧《空城计》选段，演唱：王珮瑜、杨少彭、杜喆、薄云天、李智仁。

#2020央视春晚 #春节联欢晚会 #CCTV春晚
鼠到福到，乐享鼠年！北京时间1月24日20:00，2020年中央广播电视总台春节联欢晚会陪您共度除夕夜！

《2020年中央广播电视总台春节联欢晚会》官方高清播放列表：https://bit.ly/2uSionv

【订阅CCTV春晚官方频道】 https://bit.ly/2T9KEMP

观看更多【CCTV春晚】节目：
【1983-2019 历届春晚回顾】 https://bit.ly/2um9BKh
【春晚合家欢】 https://bit.ly/2FYkEvU

■□更多精彩官方视频，请关注我们■□
CCTV中国中央电视台：https://bit.ly/2ZX81dD
CCTV中文国际: https://bit.ly/37FGmk8
CCTV科教：https://bit.ly/2QsICpc
CCTV综艺：https://bit.ly/2RDSz2b

■□关注CCTV Facebook 官方帐号 Like us on Facebook■□
Facebook:
CCTV:https://www.facebook.com/cctvcom
CCTV中文:https://www.facebook.com/CCTV.CH",CCTV春晚,UCjnJ4buqbnpRVaT3IDUQPZQ,20200125,1579925092,164,46638,242.0,5.0,https://www.youtube.com/watch?v=P7-HNSqNEa0,public,not_live,,春晚|2020春晚|京剧 空城计|空城计|京剧空城计选段|王珮瑜|杨少彭|杜喆|薄云天|李智仁|央视|央视春晚|春节联欢晚会|CCTV春晚|央视春节晚会|除夕|chunwan|Spring Festival|Spring Festival Gala|Chinese New Year|2020chunwan|2020 new year gala|CNTV|相声|小品|相聲|喜剧|喜劇|综艺|娱乐|歌曲|董卿|魔術|魔术|功夫|綜藝|中央电视台|中央广播电视总台,Entertainment,https://i.ytimg.com/vi/P7-HNSqNEa0/maxresdefault.jpg,2026-07-24T07:42:43+00:00,yt-dlp public YouTube metadata extractor
7Kom8YSszYo,performance_chinese,京剧选段,15,京剧《大登殿》选段 by 李胜素,,zhongnangua,UC0rCcfpmXX13u6bkJkt25Fg,20101130,1291088812,275,222574,500.0,50.0,https://www.youtube.com/watch?v=7Kom8YSszYo,public,not_live,en,京剧|大登殿|李胜素,Music,https://i.ytimg.com/vi/7Kom8YSszYo/hqdefault.jpg?sqp=-oaymwEmCOADEOgC8quKqQMa8AEB-AG-A4AC0AKKAgwIABABGFcgVyhlMA8=&rs=AOn4CLBTMJg3WvPQr6yO77ZyLJSnCdoqEQ,2026-07-24T07:42:43+00:00,yt-dlp public YouTube metadata extractor
GSdHLYd74k8,performance_chinese,京剧选段,16,京剧马连良《甘露寺》选段,"马连良《甘露寺》
张学津像",Chan Tony,UCvox7_mvwyHpozHbXc_ShIQ,20071230,1199032064,171,279444,679.0,78.0,https://www.youtube.com/watch?v=GSdHLYd74k8,public,not_live,,马连良|京剧|张学津|甘露寺|國粹|京劇|馬連良|beijing|opera|peking,Music,https://i.ytimg.com/vi/GSdHLYd74k8/hqdefault.jpg?sqp=-oaymwEmCOADEOgC8quKqQMa8AEB-AG-AoAC8AGKAgwIABABGHIgYig-MA8=&rs=AOn4CLDdtRgq72cH-ACUo7Zf_bjEfvbY4w,2026-07-24T07:42:43+00:00,yt-dlp public YouTube metadata extractor
FxckOVe7RgU,performance_chinese,京剧选段,17,异彩纷呈！昆曲京剧评剧多剧种轮番上演 《皿方罍·再无别离》《杨门女将》《天仙配》经典剧目与新创佳作各具特色《2025年新年戏曲晚会》| 中华戏韵,"#戏曲 #新年 #2025 #戏曲晚会
本期节目主要内容：
00:00 器乐演奏《百花满园迎新春》 演出单位：国家京剧院民族管弦乐团 天津音乐学院；
04:36 京剧流派展示 演出单位：国家京剧院 北京京剧院 上海京剧院 等；
20:05 昆曲《西厢记》选段 表演者：由腾腾 张争耀 邹译瑶；
23:34 京剧《秦香莲》选段 表演者：孟广禄；
28:14 评剧《刘巧儿》选段 表演者：姚斌；
30:58 黄梅戏《天仙配》选段 表演者：袁媛 赵章伟；
33:13《山花烂漫》民族地区戏曲选段 表演者：吴家佳 周凡儿 等；
37:21 京剧《皿方罍·再无别离》选段 表演者：张璇；
42:16 京剧《沙家浜·智斗》 表演者：王艳 杜镇杰 杨赤；
49:02 京昆少儿表演 表演者：沈源锟 郑智元 赵镘淇 等；
51:35 京剧《杨门女将》选段 表演者：董圆圆 宋云飞 等；
58:58 戏歌《春秋的回响》 表演者：田磊 李博 等。

《2025年新年戏曲晚会》播放列表：https://www.youtube.com/playlist?list=PLt1zKFJXVcUlAvmf8SoQOSU6M-ZR4lmqt
【订阅中华戏韵频道】：https://bit.ly/32iZfYI

■□新年戏曲晚会回顾■□
2024年新年戏曲演唱会：https://www.youtube.com/watch?v=Lp37zHUVe5w&list=PLt1zKFJXVcUnrLzl-eIRVcmjIO7NEfj-_&index=1
2023年新年戏曲演唱会：https://www.youtube.com/watch?v=PpeR3Lw_D5o&list=PLt1zKFJXVcUlTG9weaWAxMBNPZ8758QXP&index=1
2022年新年戏曲演唱会：https://www.youtube.com/watch?v=ao9VY2YXKfU&list=PLt1zKFJXVcUk0_XqRm54jeHAM6rtS5yaY&index=1
2021年新年戏曲演唱会：https://www.youtube.com/watch?v=WRg5PyDD-s0&list=PLt1zKFJXVcUkMNCfShgpIgaciqmklVnnl&index=1
2020年新年戏曲演唱会：https://www.youtube.com/watch?v=1UvXQNrD-DU&list=PLt1zKFJXVcUlvEt7KJLG9YqmkUOPPp7k7&index=1",中华戏韵,UC2aWa2L_rVzIrYmmjjEEEog,20250101,1735739319,3900,40869,493.0,14.0,https://www.youtube.com/watch?v=FxckOVe7RgU,public,not_live,,戲曲|京剧|CCTV|cctv戏曲|新年|戏曲晚会|2025戏曲晚会|2025|西厢记|秦香莲|刘巧儿|天仙配|皿方罍|沙家浜|杨门女将|孟广禄|袁媛|王艳|董圆圆|李博|2025新年戏曲|2025新年晚会|央视戏曲晚会|新年戏曲晚会|西廂記|秦香蓮|劉巧兒|楊門女將|孟廣祿|王豔|董圓圓|央视晚会|央视戏曲|傳統文化|评剧|昆曲|河北梆子|越剧|秦腔|豫剧|黄梅戏|戏曲名段|京剧选段|黄梅戏选段|豫剧选段|评剧选段|京劇|評劇|梅兰芳|程砚秋|常香玉|小白玉霜|周信芳|马连良|谭富英|越劇|豫劇|黄梅戲|戲曲名段|京劇選段|黄梅戲選段|豫劇選段|評劇選段|中华戏韵|中華戲韻|cctv戲曲,Entertainment,https://i.ytimg.com/vi/FxckOVe7RgU/maxresdefault.jpg,2026-07-24T07:42:43+00:00,yt-dlp public YouTube metadata extractor
xm8OkHlD4rw,performance_chinese,京剧选段,18,郁可唯一人分饰三角《沙家浜》智斗选段京剧舞台|Yisa Yu x 拿手好戏,,YisaYu郁可唯视频小站,UCzyy6_k3bmh-FE4SjaZe8kA,20220827,1661610373,274,6769,167.0,12.0,https://www.youtube.com/watch?v=xm8OkHlD4rw,public,not_live,,郁可唯|Yisa Yu,Music,https://i.ytimg.com/vi/xm8OkHlD4rw/sddefault.jpg,2026-07-24T07:42:43+00:00,yt-dlp public YouTube metadata extractor
3LmpIlZm-Gc,performance_chinese,京剧选段,19,京剧选段《穆桂英》，名家名唱,京剧《穆桂英》acf,爱我如君,UCiPKuRFYg0HHFWQYUKnQ2cQ,20250329,1743214352,63,6,,,https://www.youtube.com/watch?v=3LmpIlZm-Gc,public,not_live,,,People & Blogs,https://i.ytimg.com/vi/3LmpIlZm-Gc/sddefault.jpg?sqp=-oaymwEmCIAFEOAD8quKqQMa8AEB-AHOBoAC4AOKAgwIABABGH8gTigjMA8=&rs=AOn4CLDlCcr8Ej63wMPOE6PZqe4udHLWsQ,2026-07-24T07:42:43+00:00,yt-dlp public YouTube metadata extractor
KtHzyLRGW2I,performance_chinese,京剧选段,20,京剧 名段欣赏《锁麟囊》之“一霎时” 张火丁,,京剧欣赏,UCUMQZlmlBSbhbzGXqEyCe7w,20150513,1431559891,353,36367,169.0,20.0,https://www.youtube.com/watch?v=KtHzyLRGW2I,public,not_live,,,People & Blogs,https://i.ytimg.com/vi/KtHzyLRGW2I/hqdefault.jpg?sqp=-oaymwEmCOADEOgC8quKqQMa8AEB-AG-AoAC8AGKAgwIABABGDQgSCh_MA8=&rs=AOn4CLCSJLBHglOD9NfguaqHyQRUac-Nag,2026-07-24T07:42:43+00:00,yt-dlp public YouTube metadata extractor
NHjtKDm989k,makeup_costume,Peking Opera makeup costume,1,My Vlog: Finding beauty hacks in Peking Opera makeup,"Which setting powder is better for the skin? How to do a perfect lip makeup? It turns out that Peking Opera, the hundred-year-old Chinese art form, has much to offer. Follow CGTN reporter Saina into the China National Peking Opera Company and unlock the beauty hacks that Peking Opera conceals and makeup skills that reflect oriental beauty!",Nihao Peking Opera,UChd2LN1auV4Hk2AW9nkaxiQ,20210505,1620205978,164,69873,9.0,1.0,https://www.youtube.com/watch?v=NHjtKDm989k,public,not_live,en,Peking Opera|beauty|makeup,People & Blogs,https://i.ytimg.com/vi/NHjtKDm989k/maxresdefault.jpg,2026-07-24T07:42:43+00:00,yt-dlp public YouTube metadata extractor
DIwMej-e_30,makeup_costume,Peking Opera makeup costume,2,Live: Behind the scenes of Peking Opera 'The Phoenix Returns Home',"The Peking Opera ""The Phoenix Returns Home"" will be staged in Taizhou, east China's Jiangsu Province, where is the hometown of Mei Lanfang, a notable Peking Opera artist in modern Chinese theater. Join CGTN for the performance and a trip backstage.

The Phoenix Returns Home is a romantic farce. It was first performed by Peking Opera master Mei Lanfang in 1929 and is now one of the most popular Peking Operas. It tells the humorous story of a senior court minister who retires and returns to his hometown with his two daughters. The elder daughter, Xueyan, is a plain and ordinary woman, while the younger one is beautiful and elegant. The opera is a tale of love, manipulation and mistaken identity. #NihaoPekingOpera",Nihao Peking Opera,UChd2LN1auV4Hk2AW9nkaxiQ,20210504,1620087715,8025,926871,2510.0,83.0,https://www.youtube.com/watch?v=DIwMej-e_30,public,was_live,,,People & Blogs,https://i.ytimg.com/vi/DIwMej-e_30/maxresdefault.jpg,2026-07-24T07:42:43+00:00,yt-dlp public YouTube metadata extractor
9IITa58BR3I,makeup_costume,Peking Opera makeup costume,3,Vintage Chic Episode Five: Peking Opera education,"As China-chic is gaining traction, Peking Opera has become more present in people's lives. Nowadays, many parents cultivate their children's interest in this traditional art from an early age. Follow CGTN to find out more.",Nihao Peking Opera,UChd2LN1auV4Hk2AW9nkaxiQ,20220206,1644163208,475,1425,6.0,,https://www.youtube.com/watch?v=9IITa58BR3I,public,not_live,,Peking Opera|education,People & Blogs,https://i.ytimg.com/vi/9IITa58BR3I/maxresdefault.jpg,2026-07-24T07:42:43+00:00,yt-dlp public YouTube metadata extractor
RkyPlmIxEFA,makeup_costume,Peking Opera makeup costume,5,Costumes of Peking Opera,Costumes of Peking Opera,Nihao Peking Opera,UChd2LN1auV4Hk2AW9nkaxiQ,20211110,1636516328,252,372,9.0,,https://www.youtube.com/watch?v=RkyPlmIxEFA,public,not_live,,,Entertainment,https://i.ytimg.com/vi/RkyPlmIxEFA/maxresdefault.jpg,2026-07-24T07:42:43+00:00,yt-dlp public YouTube metadata extractor
nkf1H2ZSxZ4,makeup_costume,Peking Opera makeup costume,7,Peking Opera costumes: You are what you wear,"Peking Opera has been called the quintessence of Chinese culture, and the opera's costumes are imbued with the essence of the country's traditional culture. Known as xingtou in Chinese, these dazzling and delicate costumes show the distinctive characteristics and social status of each role and enhance the artistic visual effect.",China National Opera Company,UCJbLX82jdByCiIpsl3Px9WA,20210502,1619962720,204,896,28.0,1.0,https://www.youtube.com/watch?v=nkf1H2ZSxZ4,public,not_live,en,pekingopera|beijing|costumes|clothes|makeup|role|fun|china|cgtn|art|act|show,People & Blogs,https://i.ytimg.com/vi/nkf1H2ZSxZ4/maxresdefault.jpg,2026-07-24T07:42:43+00:00,yt-dlp public YouTube metadata extractor
yBpdTeuKVdI,makeup_costume,Peking Opera makeup costume,8,BanXi——The Makeup of Peking Opera,How do different types of roles put on their makeup? What kind of personality does the color of the facial makeup represent? Let's explore backstage together,Nihao Peking Opera,UChd2LN1auV4Hk2AW9nkaxiQ,20211105,1636084299,285,241,4.0,,https://www.youtube.com/watch?v=yBpdTeuKVdI,public,not_live,,,Entertainment,https://i.ytimg.com/vi/yBpdTeuKVdI/maxresdefault.jpg,2026-07-24T07:42:43+00:00,yt-dlp public YouTube metadata extractor
4YCdxo0So1c,makeup_costume,Peking Opera makeup costume,9,Open China EP31  The Beijing opera facial masks 看戏要看脸,"David and his friends are visiting China and have their minds open to various new experiences. You may follow them and let them to open an interesting China for you through the playlist: https://www.youtube.com/playlist?list=PLjErQil8g4Ttvk08LZI_amxVnQgvT8LqK

Marvel comics satisfy children's desire for heroes, and Marvel heroes' costumes and props have become toys that countless people rush to buy. In China, Peking Opera is Marvel Comics, which has long-lasting vitality and a high artistic reputation. Let's follow David for more about the Peking Opera.

If you like our channel, you may subscribe to it at https://www.youtube.com/c/VideoChinaTV

You may also follow us on various social media:
Facebook: https://www.facebook.com/videocnTV
Twitter: https://twitter.com/videochinatv
VK: https://vk.com/ciccvideochinatv
Sina Weibo: http://weibo.com/u/5651321743

Or visit our websites: 
影像中国网站: http://videochina.tv/
VIDEOCHINA (English): http://en.videochina.tv/
VIDEOCHINA (Français): http://fr.videochina.tv/
VIDEOCHINA (Deutsch): http://de.videochina.tv/
VIDEOCHINA  (日本語): http://jp.videochina.tv/",VideoChinaTV,UC9wdnQFIZDoAsu3HXQaHrmg,20210530,1622377800,335,358,4.0,,https://www.youtube.com/watch?v=4YCdxo0So1c,public,not_live,en,VideoChina|China|documentary,Travel & Events,https://i.ytimg.com/vi/4YCdxo0So1c/maxresdefault.jpg,2026-07-24T07:42:43+00:00,yt-dlp public YouTube metadata extractor
aVS9CMmljsA,makeup_costume,Peking Opera makeup costume,10,Beijing Opera Facial Makeup,"As the most widely recognized type of Chinese opera in the world, Beijing Opera is regarded as the quintessence of Chinese culture. It combines wonderful vocals with elaborate costumes, and “lianpu” painted on performers’ faces, perhaps the most recognizable feature of Beijing Opera. Watch the video to see the “hints” in Beijing Opera’s Lianpu. #JourneysinChina #Beijingopera #opera #makup #China #culture #costume #Lianpu",China Daily 中国日报,UCahujLjSL34EPNxtwKRi_vg,20230701,1688173200,149,2567,30.0,2.0,https://www.youtube.com/watch?v=aVS9CMmljsA,public,not_live,en,,Music,https://i.ytimg.com/vi/aVS9CMmljsA/maxresdefault.jpg,2026-07-24T07:42:43+00:00,yt-dlp public YouTube metadata extractor
r2uAT_zqKwE,makeup_costume,Peking Opera makeup costume,11,Elegant and colorful world of Chinese Opera,"Types of facial makeup are a special method of makeup in Chinese traditional operas. Since every historical character or characters of a certain type are provided with a particular facial type, similar to music scores for singing and playing music, such a method of makeup is named ""Types of facial makeup"".
Among all Chinese traditional operas, types of facial makeup in Peking Opera have developed into the most systematic and mature one. Historical characters in Chinese traditional Peking Opera are provided with different types of facial makeup. They can reflect the identity, status, personality and appearance of the characters and therefore can intensify the artistic appeal on stage. As an impressionistic and exaggerated art, types of facial makeup in Peking Opera is featured by painting brows, eyelids and jowls in various patterns such as bat, swallow wing and butterfly wing. Also, it is characterized by portraying facial expressions with exaggerated nasal fossas and lipped fossas. The age can be reflected by the height and shape of ""Crow's-feet"", temperament by the opening and closing of ""Chordal furrow"", and personality by different patterns of ""Glabella furrow"". Additionally, in the types of facial makeup in Peking Opera there exist some invariable images including white-faced Tsao Tsao and black-faced Bao Zheng. The white-faced image symbolizes wickedness and viciousness, while black-faced image stands for equity and selflessness. Due to unchangeable rules in types of facial makeup, personalities of a character with certain facial makeup can be seen from the facial colors and figures.
As one of the onstage art techniques, various types of facial makeup in Peking Opera enable the audience to know a character's personality easily and accordingly get more involved in the appreciation of the performance. Thus types of facial makeup enjoy the fame of ""Interior Pictures"", which is an extremely crack skill of art exclusively existing in Chinese operas. Patterns of theatrical masks have served as a symbol of China. Nowadays, on the market there appear many exquisite and aesthetic commodities and stamps printed with such patterns, which are of high appreciating and collecting values.",sa gujju,UCtpzRp6pMffXAWKoVMM6C2g,20141223,1419346219,1514,8525,24.0,3.0,https://www.youtube.com/watch?v=r2uAT_zqKwE,public,not_live,,makeup in Chinese|Types of facial makeup|Chinese traditional operas|white-faced Tsao Tsao|black-faced Bao Zheng|Cosmetics (Quotation Subject),People & Blogs,https://i.ytimg.com/vi/r2uAT_zqKwE/sddefault.jpg,2026-07-24T07:42:43+00:00,yt-dlp public YouTube metadata extractor
KS-jUnsVav4,makeup_costume,Peking Opera makeup costume,12,Mesmerizing! Chinese Opera Backstage Makeup Look,"I was so thrilled when I had the chance to film the backstage of a grand event for young Chinese Opera lovers. 

The makeup, the hair, the costumes...the magic of this ancient art carries on through the young performers, and continues to mesmerize its modern viewers like myself. 

Enjoy watching.

#chineseoperamakeup #chineseopera #beijingoperamakeup #traditionalchineseopera #operaart #performingartsasia #asianculture #culturaltravel #opera_makeup #chineseoperavlog

Background music: Swing House by RKVC",culturalmisfits,UCV27ABm6r7PmSusYuH1qGbQ,20200319,1584623865,74,25862,,4.0,https://www.youtube.com/watch?v=KS-jUnsVav4,public,not_live,es,chinese|chinese opera|opera|backstage|fashion|china|makeup|hair|beijing opera|young girl|beautiful girl|chinese girl,People & Blogs,https://i.ytimg.com/vi/KS-jUnsVav4/maxresdefault.jpg,2026-07-24T07:42:43+00:00,yt-dlp public YouTube metadata extractor
LJneqECsr4w,makeup_costume,Peking Opera makeup costume,13,Vintage Chic Episode Three: Peking Opera makeup,"Peking Opera makeup is derived from the 200-year-old opera art, combining Chinese history and traditional aesthetics. The symbolism of the colors and the exquisiteness of the details have impressed many. To those whom Peking Opera deeply intrigues, especially young people in China today, being able to experience Peking Opera makeup and even a full dress-up at an affordable price can certainly be good news. By stepping into a Peking Opera character, one can not only experience the external makeover but the internal cultural trip as well.",Nihao Peking Opera,UChd2LN1auV4Hk2AW9nkaxiQ,20220204,1643990410,416,7555,25.0,1.0,https://www.youtube.com/watch?v=LJneqECsr4w,public,not_live,,Peking Opera|beauty|makeup,People & Blogs,https://i.ytimg.com/vi/LJneqECsr4w/maxresdefault.jpg,2026-07-24T07:42:43+00:00,yt-dlp public YouTube metadata extractor
2fmLJx1_k0Y,makeup_costume,Peking Opera makeup costume,14,Intangible Cultural Heritage for Spring Festival Celebration: Peking Opera Facial Makeup,"Peking Opera's most attractive trait must be the Facial Makeup, which is knowm as the ""picture of mind"" of characters. It is recognized as one of the symbols of traditional Chinese culture.",China.org.cn,UCrYhYcDkTcSFhhDSFpYTFCg,20220212,1644658201,159,449,1.0,,https://www.youtube.com/watch?v=2fmLJx1_k0Y,public,not_live,,China|News,Travel & Events,https://i.ytimg.com/vi/2fmLJx1_k0Y/sddefault.jpg,2026-07-24T07:42:43+00:00,yt-dlp public YouTube metadata extractor
vuo3tD7c35I,makeup_costume,Peking Opera makeup costume,15,Jing：pick one Peking Opera mask for yourself,"The “Jing” actors with facial makeup are undoubtedly the most visually attractive on the stage. Their colorful face paintings enrich the imagination and highlight their characters in the play. Today, let us get into the world behind the Peking Opera masks.",Nihao Peking Opera,UChd2LN1auV4Hk2AW9nkaxiQ,20210713,1626161875,331,50645,189.0,7.0,https://www.youtube.com/watch?v=vuo3tD7c35I,public,not_live,en,Peking Opera|Beijing|culture|facial makeup|mask|Beijing Opera|京剧|北京|文化|vlog|汉语教学|Chineselearning|汉语|Chinese language,People & Blogs,https://i.ytimg.com/vi/vuo3tD7c35I/maxresdefault.jpg,2026-07-24T07:42:43+00:00,yt-dlp public YouTube metadata extractor
d0o42ui6h3Q,makeup_costume,Peking Opera makeup costume,16,"""Beijing Opera Costume"" by Alexandra Bonds","Beijing Opera Costume: The Visual Communication of Character and Culture Through Clothing

Presented by Alexandra Bonds
Event Date: Friday, November 06, 2015
Koessler Room, Michigan League

Ancient China was known as the land of impeccable attire. Dress was charged with meaning through the designations of color, cut, and embroidered symbols. Within this rank and clothing conscious context, traditional theatre costumes absorbed this language of design emphasizing garments for the identification of characters. Actors, being considered from the lower status of society, were not allowed to wear replications of actual court dress, and over generations, stage costume evolved to combine the historical motifs with theatrical expression to create a unique hybrid of dress. The costumes are conventionalized, being used consistently from troupe to troupe to communicate specific role types to the audience. The clothing in this traditional performance style does not project time period, location, or season, nor is there a costume designer responsible for devising the look of each production. Instead, each company amasses their own collection of costumes that can be used for any story, historical battles or domestic dramas, and each garment is linked to specific roles through the selection of form, fabric color, and embroidered details. Every role type can therefore be identified visually by their clothing and makeup before they utter any dialogue. The extravagantly colored and embellished costumes, along with elaborately evocative face painting and glittering headdresses, reflect the richness of the imperial courts, heightened though theatrical invention to breathtaking beauty.",Confucius Institute at the University of Michigan,UC0tgEdK5ToCw34dePnkBrrg,20151113,1447452317,3341,608,8.0,1.0,https://www.youtube.com/watch?v=d0o42ui6h3Q,public,not_live,en,confucius institute|university of michigan|chinese,Film & Animation,https://i.ytimg.com/vi/d0o42ui6h3Q/maxresdefault.jpg,2026-07-24T07:42:43+00:00,yt-dlp public YouTube metadata extractor
8VdCntH6rm4,makeup_costume,Peking Opera makeup costume,17,See the backstage of Peking Opera--costumes and props,,Nihao Peking Opera,UChd2LN1auV4Hk2AW9nkaxiQ,20210218,1613638801,83,1324,10.0,,https://www.youtube.com/watch?v=8VdCntH6rm4,public,not_live,,,People & Blogs,https://i.ytimg.com/vi/8VdCntH6rm4/maxresdefault.jpg,2026-07-24T07:42:43+00:00,yt-dlp public YouTube metadata extractor
Lz7uF1FDAtY,makeup_costume,Peking Opera makeup costume,18,Peking Opera Makeup and Costumes Part 1 京剧化妆与服饰（上）,"🔔 Follow ""All About Chinese"": https://urlvn.net/c14r9c
►  Full Playlists ""Winter Camp for College Students in Germany and Francophonie"": https://urlvn.net/ckpaw8
▬▬▬▬▬▬▬▬▬▬▬▬▬▬▬",All About Chinese,UC6ktk_EEyq_3oPdUfvUpp1Q,20220318,1647622168,2263,203,3.0,,https://www.youtube.com/watch?v=Lz7uF1FDAtY,public,not_live,,,People & Blogs,https://i.ytimg.com/vi/Lz7uF1FDAtY/hqdefault.jpg?sqp=-oaymwEmCOADEOgC8quKqQMa8AEB-AHUBoAC4AOKAgwIABABGGUgYChaMA8=&rs=AOn4CLBwLTvV2P_F6c27ws6v2ph7XqMqcg,2026-07-24T07:42:43+00:00,yt-dlp public YouTube metadata extractor
SQSsL3l_Kac,makeup_costume,Peking Opera makeup costume,19,Beijing Opera,"Beijing Opera or Peking Opera is a traditional Chinese Theatre form. It combines make-up, costumes, singing, instrumentation, clowning, acrobatics and combat, making it one of the multifaceted theatrical forms in the world.
Cinematography and Editing: Andrea Lavio",AlevandroHintteotti,UCQ1Q33zGM0X0NoUay6iy5-w,20151018,1445194748,224,63837,396.0,18.0,https://www.youtube.com/watch?v=SQSsL3l_Kac,public,not_live,,Peking Opera (Opera Genre)|Beijing Opera|World Theatre|Theatre (TV Genre)|Andrea Lavio|Chinese Opera (Musical Genre)|Shanghai Theater Academy (College/University),Film & Animation,https://i.ytimg.com/vi/SQSsL3l_Kac/maxresdefault.jpg,2026-07-24T07:42:43+00:00,yt-dlp public YouTube metadata extractor
bOvlVaTs_qw,makeup_costume,Peking Opera makeup costume,20,"Beijing Opera, beijing opera makeup, Peking opera, Beijing Experience, Chinese Culture Trip","As one of the ancient operas, Beijing Opera has a history of several hundred years just like opera. In the Beijing Opera, the stories are told with the singing tunes instead of the language. Beijing Opera inherited the poetry, song, black and white painting from the traditional Chinese Opera. 
In the costume of the Beijing Opera, the most common embroidery is water embroidery. This type of embroidery has a history of more than 1,000 years. Besides, the requirements for materials are strict and the making process is complicated. 
The performance of opera is epic with well-proportioned structure. The performance could be impassioned or gloomy. However, you cannot see it in Beijing Opera and it is related to the arrangement of the characters.
In the performance of the traditional Beijing Opera, the back stage won’t be available for visitors. And of course, there will be strict requirements for the working staff. In addition, indecent dressed stuff is not allowed to be shown in front of the audience. In recent years, however, the preparation work in the back stage is gradually opened to the audience in order to promote the Beijing Opera. And here in Beijing, there are a lot of traditional Beijing Opera experience house. 
If you have the opportunity to travel to Beijing, you must visit this kind of cultural experience hall to give you a more real and close experience and enjoyment of Peking Opera culture.

Discover more of Peking Opera https://www.letslocals.com/beijing/discover/Peking-Opera/613",LETSLOCALS,UCeBHaSPk1hig10MqNjSvypA,20190904,1567585533,303,13138,95.0,4.0,https://www.youtube.com/watch?v=bOvlVaTs_qw,public,not_live,en,Farewell My Concubine|beijing opera song|beijing opera|peking opera|chinese opera makeup|chinese opera reaction|chinese opera cantonese|jingju|chinese opera facts|beijing opera masks|peking opera instruments|beijing culture|beijing tours|Chinese culture relics|LETS|LETSLOCALS|京剧|京剧名段欣赏|Chinese Opera listings|history of Peking opera,Travel & Events,https://i.ytimg.com/vi/bOvlVaTs_qw/maxresdefault.jpg,2026-07-24T07:42:43+00:00,yt-dlp public YouTube metadata extractor
lixzd21DbI4,facial_makeup_chinese,京剧脸谱,1,京剧脸谱：传承东方美 #FeelOfChina #风物中华 👉欢迎订阅【风物中华】,"■□欢迎订阅「风物中华」■□👉https://bit.ly/3JtcRpD 

■□节目简介■□ 
《中国范儿》是中国网精心打造的微视频节目，采用英文配音、中英双语字幕，每期时长约3—5分钟。节目旨在传播中国优秀文化，选取易于为外国观众接受的、独具中国特色的文化符号进行展示和介绍，体现中国文化的博大精深，有利于世界了解更真实的中国，感受中国文化底蕴。

◆更多精彩内容，尽在「风物中华」◆
《Hi 中国人》：https ://bit.ly/3oQHr36  
《中国范儿》：https://bit.ly/3OVJMnZ  

 #Z世代 #中国范儿 #中国文化 #generationZ #china #chineseculture",风物中华 Scenic China,UCPKQUG2g_Tpg7I9GkWKaMzw,20230531,1685548825,214,4398,21.0,,https://www.youtube.com/watch?v=lixzd21DbI4,public,not_live,en,Z世代|china|chineseculture|generationZ|mp4|中国文化|中国范儿|京剧|传承|美|脸谱|风物中华,People & Blogs,https://i.ytimg.com/vi/lixzd21DbI4/maxresdefault.jpg,2026-07-24T07:42:43+00:00,yt-dlp public YouTube metadata extractor
-3ymw4AaBNI,facial_makeup_chinese,京剧脸谱,2,"Peking Opera facial makeup, The Monkey King京剧脸谱，美猴王【全】",,铁马网Motor,UCogvL7B3HHpA-yRUYkRoPpg,20240211,1707671746,147,224,3.0,1.0,https://www.youtube.com/watch?v=-3ymw4AaBNI,public,not_live,,,Entertainment,https://i.ytimg.com/vi/-3ymw4AaBNI/maxresdefault.jpg,2026-07-24T07:42:43+00:00,yt-dlp public YouTube metadata extractor
uH9bqricWcY,facial_makeup_chinese,京剧脸谱,3,Classic Peking Opera经典京剧脸谱《是唱脸谱》，蓝脸的窦尔敦，盗御马，红脸的关公战长沙，黄脸的典韦，白脸的曹操，黑脸的张飞，叫喳喳,"京剧《说唱脸谱》里唱到：“蓝脸的窦尔敦，盗御马，红脸的关公战长沙，黄脸的典韦，白脸的曹操，黑脸的张飞，叫喳喳……”关公，曹操，典韦我们都知道，都是《三国》里的人物，那窦尔敦是谁？

京剧脸谱

在京剧的脸谱里，每种颜色代表不同的人物形象和性格。红脸代表忠义、血性，比如关羽；黑脸代表正直，严肃，比如张飞；白脸代表奸诈、多疑，比如曹操；黄脸代表勇猛、暴躁，比如典韦；蓝脸代表刚直，桀骜，多是些绿林好汉，比如本文要讲的窦尔敦。

窦尔敦京剧形象

窦尔敦是京剧《盗御马》里的人物，在评书《连环套》、公案小说《彭公案》和《施公案》里也出现过。由于不同人的创作和艺术表现需要，关于窦尔敦的身世和结局各个版本都有所不同，在这里我以单田芳的评书《连环套》为蓝本结合其它文学作品里的窦尔敦形象

In the Beijing opera ""Speaking and Singing with Facial Masks,"" it sings: ""Du Er Dun with blue face, stealing imperial horses; Guan Yu with red face fights in Changsha; Dian Wei with yellow face; Cao Cao with white face; Zhang Fei with black face, making a clamor..."" We know about Guan Yu, Cao Cao, and Dian Wei from the ""Three Kingdoms,"" but who is Du Er Dun?

In Beijing opera facial masks, each color represents a different character and personality. Red symbolizes loyalty and valor, such as Guan Yu; black represents integrity and seriousness, like Zhang Fei; white signifies deceitfulness and suspicion, like Cao Cao; yellow represents bravery and impulsiveness, like Dian Wei; blue signifies forthrightness and assertiveness, often portraying righteous outlaws, like the character Du Er Dun in this context.

Du Er Dun's Character in Beijing Opera

Du Er Dun is a character from the Beijing opera ""Stealing the Imperial Horses"" and also appears in storytelling series like ""The Interlocking Trap,"" detective novels such as ""Peng's Case,"" and ""Shi's Case."" Due to variations in different creators' interpretations and artistic expressions, there are differences in Du Er Dun's background and fate across various versions. Here, I'll base his portrayal on the storytelling series by Shan Tianfang, ""The Interlocking Trap,"" while incorporating elements from other literary works portraying Du Er Dun.",铁马网Motor,UCogvL7B3HHpA-yRUYkRoPpg,20240210,1707565234,24,7384,41.0,,https://www.youtube.com/watch?v=uH9bqricWcY,public,not_live,,Classic Peking Opera|Peking Opera|京剧|唱脸谱|张飞|关公|曹操,Entertainment,https://i.ytimg.com/vi/uH9bqricWcY/hqdefault.jpg,2026-07-24T07:42:43+00:00,yt-dlp public YouTube metadata extractor
nb2mJ_oJu4U,facial_makeup_chinese,京剧脸谱,4,说唱脸谱 ｜ rapping about beijing oprea ｜ 京剧,Thank you for watching and following. Remember to subscribe so you don't miss any new videos.,Easy Chinese with Ms. Ava,UC4UPiHMeXM5ATpvRpVH7IYg,20250307,1741311837,214,4463,43.0,1.0,https://www.youtube.com/watch?v=nb2mJ_oJu4U,public,not_live,,,Education,https://i.ytimg.com/vi/nb2mJ_oJu4U/maxresdefault.jpg,2026-07-24T07:42:43+00:00,yt-dlp public YouTube metadata extractor
yoRIPZV3KzU,facial_makeup_chinese,京剧脸谱,5,如何看懂京剧脸谱？ |京剧教学Peking Opera Lesson:Masks,"京剧脸谱已经成为了京剧的一个表征，且在京剧艺术中每个历史人物或一种类型的人物都有一种大概的谱式。那么欣赏京剧如何看懂京剧脸谱呢？How视频为您解答。
更多精彩视频http://www.chineseinla.com/howvideo/v_1228.html

京剧脸谱：

京剧脸谱是国粹象征性的代表符号。

京剧脸谱是将油彩涂在演员脸上，通过颜色来表现人物的性格特征。

包公以黑色为主，表现正直刚毅。

关公以红色为主，表现忠孝。

孟良额头上的葫芦造型，提示人物所持武器是火葫芦。

第一种红脸
红脸为褒义，代表忠义。

第二种黑脸
黑脸为中性，代表盟友。

第三种蓝脸 绿脸
蓝脸和绿脸为中性，代表草莽英雄。

第四种黄脸 白脸
黄脸和白脸为贬义，代表奸诈凶恶。

第五种金脸 银脸
金脸和银脸代表神妖。

第六种小花脸
小花脸（丑行）分为文丑和武丑。
文丑的脸谱在面部中央有一块豆腐块大小的白色；武丑的脸谱在鼻梁上有一部分白色。",How视频,UC-ayKOXvIcatt5VocwTrU9Q,20170929,1506690007,139,33487,144.0,3.0,https://www.youtube.com/watch?v=yoRIPZV3KzU,public,not_live,,京剧脸谱|京剧教学|Peking Opera Lesson|Masks|黑脸|红脸|蓝脸|绿脸|白脸|黄脸|金脸|银脸|花脸|文丑|武丑|关公|包公|曹操|How视频|洛杉矶华人资讯网,Howto & Style,https://i.ytimg.com/vi/yoRIPZV3KzU/maxresdefault.jpg,2026-07-24T07:42:43+00:00,yt-dlp public YouTube metadata extractor
cew-olw8JLA,facial_makeup_chinese,京剧脸谱,6,【王珮瑜】京剧脸谱 给点颜色，脸上就灿烂了!,"【王珮瑜】京剧脸谱 给点颜色，脸上就灿烂了!

视频来源 ： 王珮瑜官方B站号


#京剧 #京劇 #王珮瑜 #瑜老板 #戏曲 #传统文化 #国粹",唯瑜,UC2PwXR0-TJpVKA46r45njCw,20220911,1662894022,457,3921,73.0,6.0,https://www.youtube.com/watch?v=cew-olw8JLA,public,not_live,,王珮瑜|瑜老板|京剧|哔哩哔哩|B站|国粹|国粹京剧|peking opera|peking opera singing|peking opera performance|beijing opera|chinese opera|王珮瑜 京剧|京剧课程|学京剧|人文历史|人文|知识|传承|京剧规矩|国风|传统文化|白虎大堂奉了命|搜孤救孤|老生|杨宝森|杨派|李军|一轮明月|伍子胥|杨家将|捉放曹|京剧大师|杨宝森110周年诞辰|京剧名家演唱会|中国青年说|汾河湾|余派|可凡倾听|春节戏曲晚会|开场白|史依弘|天下女人|戏聚保定|擂响中华|秦琼卖马|遇见你|李若彤|年年有戏|桑园寄子|田慧|击鼓骂曹|梨园春|空城计|铡美案|孟广禄|大保国|梦幻西游|游山恋|上元千灯会|长生殿|张松献图|乌盆记|断密涧|赵氏孤儿|洪羊洞|御碑亭|打渔杀家|沙桥饯别|战太平|定军山|珠帘寨|盗宗卷|淮河营|失空斩|四郎探母|文昭关|智取威虎山|武家坡|游龙戏凤|少年行|千山行|曲云|瑜你台上见|芦花河|问答时光机|三家店|坐宫|向上青年|艳阳楼|文化主题之夜|春水渡|封箱戲,Entertainment,https://i.ytimg.com/vi/cew-olw8JLA/maxresdefault.jpg,2026-07-24T07:42:43+00:00,yt-dlp public YouTube metadata extractor
1qiYnp_iIfE,facial_makeup_chinese,京剧脸谱,7,京剧脸谱化妆视频2020中国国粹tik tok Make up video with Chinese characteristics,,Forever Makeup,UC3yJ_u_g8-63bOppzbW1I4w,20200226,1582728861,223,1090,16.0,,https://www.youtube.com/watch?v=1qiYnp_iIfE,public,not_live,,#Makeup,People & Blogs,https://i.ytimg.com/vi/1qiYnp_iIfE/sddefault.jpg,2026-07-24T07:42:43+00:00,yt-dlp public YouTube metadata extractor
BBcUDBTyabk,facial_makeup_chinese,京剧脸谱,8,Beijing Opera Melody 京调 北京民乐 京剧脸谱,"Facial Makeups of Beijing Opera 京剧脸谱
Facial Painting of Beijing Opera
Beijing Opera Melody 京调 北京民乐",ChineseFolkSong,UC3E1reye_peERBHAfOiA6mw,20110410,1302476767,207,98813,438.0,18.0,https://www.youtube.com/watch?v=BBcUDBTyabk,public,not_live,,Beijing|Folk|Music|Song|北京|民乐|民歌|China|Chinese|Facial|Makeups|Painting|京剧|脸谱|Peking|Opera|Melody|京调,Music,https://i.ytimg.com/vi/BBcUDBTyabk/maxresdefault.jpg,2026-07-24T07:42:43+00:00,yt-dlp public YouTube metadata extractor
QO16lN2fTFE,facial_makeup_chinese,京剧脸谱,10,Chinese culture class: Peking Opera facial makeup 中国文化课 京剧脸谱,"🔔 Follow ""All About Chinese"": https://urlvn.net/c14r9c
►  Full Playlists ""Following the Footsteps of Yanzhao and Feeling the Chinese Civilization"": https://urlvn.net/bwzcui
▬▬▬▬▬▬▬▬▬▬▬▬▬▬▬",All About Chinese,UC6ktk_EEyq_3oPdUfvUpp1Q,20220212,1644675015,1395,3128,41.0,1.0,https://www.youtube.com/watch?v=QO16lN2fTFE,public,not_live,,chinese|china|learning chinese|hsk|tự học tiếng trung|chinese culture|selfstudy chinese,People & Blogs,https://i.ytimg.com/vi/QO16lN2fTFE/hqdefault.jpg?sqp=-oaymwEmCOADEOgC8quKqQMa8AEB-AHUBoAC4AOKAgwIABABGH8gGygTMA8=&rs=AOn4CLAfgX1KlDb1jNxcMCCNpdBdhtaFNQ,2026-07-24T07:42:43+00:00,yt-dlp public YouTube metadata extractor
DO8OwRw7XmI,facial_makeup_chinese,京剧脸谱,11,(sub) 中国的京剧 | Chinese Art Peking Opera | 中國的京劇 | AP Chinese Culture | HSK 4-5 | 中国传统艺术 Beijing Opera,"#apchinese #京剧  #京劇

The PDF material for this video is as followed. 
https://drive.google.com/file/d/1usWIdPDOdGsaeFxClZcbXheIcgkEKvJL/view?usp=sharing

This video is designed for intermediate level students with a vocabulary around HSK 4/5, the contents are on topic of Chinese Art - Peking Opera. 
It's also helpful when preparing for AP Chinese test. 
You can adjust the play speed and turn on the English Sub at your convenience.
Hope it will be helpful for your Chinese learning.",DinoMomChinese恐龙妈妈学中文,UCgJ3FXaIrCGu35HRmvonDXA,20221111,1668142185,344,11489,124.0,6.0,https://www.youtube.com/watch?v=DO8OwRw7XmI,public,not_live,,AP Chinese|AP Chinese Culture Presentation|introduction of Beijing Opera|中国的京剧|HSK4听力练习|HSK4阅读练习|中国的艺术|Chinese essays of AP|AP Chinese Unit 3|AP Chinese writing|AP Chinese Listening|AP Chinese Essay|HSK5essay|HSK4reading|HSK5listening|HSK5exercise|HSK4exercise|HSK4practice|HSK5practice,Education,https://i.ytimg.com/vi/DO8OwRw7XmI/maxresdefault.jpg,2026-07-24T07:42:43+00:00,yt-dlp public YouTube metadata extractor
jMTDhSMSEow,facial_makeup_chinese,京剧脸谱,12,京剧的脸谱为什么是五颜六色的#故事 #中国#历史 #奇聞異事 #动漫 #动画 #揭秘,"#中国历史  #历史故事  #古代中国  #三国演义  #秦始皇  #汉朝  #唐朝  #宋朝  #明朝  #清朝  #历史传奇  #王朝更替  #名将故事  #历史人物  #古代战役  #历史文化  #中国古代神话  #历史遗迹  #文化遗产  #经典故事  #历史教训  #朝代兴衰  #古代诗词  #历史传说  #民间故事  #历史趣闻  #中国哲学  #小故事大智慧  #历史谜团  #历史事件  
#京剧 #国剧 #国粹 #非物质文化遗产 #京剧脸谱 #南北朝 #兰陵王高长恭 #脸谱起源 #来源于生活 #反映人物性格 #红脸 #黑脸 #蓝绿脸 #白脸 #面部特征 #舞台妆
 
简介：文章介绍了京剧作为国剧和国粹的地位，以及其被列入国家非物质文化遗产名录。重点阐述了京剧脸谱的魅力，包括脸谱的起源可追溯至南北朝时期的兰陵王高长恭，其戴面具的故事影响了后来脸谱的发展。京剧脸谱来源于生活，是对生活的概括和浓缩，且色彩能反映人物性格，如红脸代表忠诚勇敢，黑脸表示刚正不阿等。同时，脸谱还会体现历史人物的面部特征或习惯。此外，将脸谱理解为舞台妆，因其需要夸张才能在舞台下看清。总之，五颜六色的京剧脸谱背后蕴含着我国厚重的文化底蕴。",Jack Lee,UCbfk4XrFBmZhZ_RGQJinYiQ,20240921,1726923725,206,552,1.0,,https://www.youtube.com/watch?v=jMTDhSMSEow,public,not_live,,,Howto & Style,https://i.ytimg.com/vi/jMTDhSMSEow/maxresdefault.jpg,2026-07-24T07:42:43+00:00,yt-dlp public YouTube metadata extractor
PQCUCqxnXyI,facial_makeup_chinese,京剧脸谱,13,北京的“京”字，用原创设计，京剧脸谱，法式刺绣,,厘尔女红屋,UCp6xT3WLAVlvdYBE3_IWBtg,20260419,1776593562,15,4,,,https://www.youtube.com/watch?v=PQCUCqxnXyI,public,not_live,,,People & Blogs,https://i.ytimg.com/vi/PQCUCqxnXyI/maxresdefault.jpg,2026-07-24T07:42:43+00:00,yt-dlp public YouTube metadata extractor
PdT3DDbq1pw,facial_makeup_chinese,京剧脸谱,14,空中剧院 《CCTV空中剧院》 20130824 京剧脸谱赏析（六）,,第艺流,UCbPGTXpszh94pJYVfJ8lHbQ,20130824,1377343194,265,3156,9.0,2.0,https://www.youtube.com/watch?v=PdT3DDbq1pw,public,not_live,,视频|华语视频,Entertainment,https://i.ytimg.com/vi/PdT3DDbq1pw/hqdefault.jpg?sqp=-oaymwEmCOADEOgC8quKqQMa8AEB-AGKBIAC6AKKAgwIABABGGUgVyhTMA8=&rs=AOn4CLAnh7QYSAuCgzriEIDnDnmkbsWssw,2026-07-24T07:42:43+00:00,yt-dlp public YouTube metadata extractor
d44SuSIN-Dc,facial_makeup_chinese,京剧脸谱,16,说唱脸谱【谢津】熱門歌曲 動態歌詞 Lyrics 無損音樂⚡️Chavel Music⚡️,"🔔喜歡這首歌的朋友請按贊，分享 & 訂閱我的頻道：http://bit.ly/35ZAf8Z
🔔最適合聽音樂的耳機 🎧https://amzn.to/3ccrXyN
-----------------------------------------------------------------------------------------------------------------------------
那一天爷爷领我去把京戏看
看见那舞台上面好多大花脸
红白黄绿蓝咧嘴又瞪眼
一边唱一边喊哇呀呀呀
好像炸雷唧唧喳喳震响在耳边
蓝脸的窦尔墩盗御马
红脸的关公战长沙
黄脸的典韦白脸的曹操
黑脸的张飞叫喳喳
说实话京剧脸谱本来确实挺好看
可唱的说的全是方言怎么听也不懂
慢慢腾腾咿咿呀呀哼上老半天
乐队伴奏一听光是锣鼓家伙
隆格里格三大件
这怎么能够跟上时代跟上潮流
吸引当代小青年
四色的天王托宝塔
绿色的魔鬼斗夜叉
金色的猴王银色的妖怪
灰色的精灵笑哈哈
我爷爷生气说我纯粹这是瞎捣乱
多美的精彩艺术中华瑰宝
就连外国人也拍手叫好
一个劲的来称赞
生旦净末唱念做打
手眼身法功夫真是不简单
你不懂戏曲胡说八道
气的爷爷胡子直往脸上翻
老爷爷你别生气允许我申辩
就算是山珍海味老吃也会烦
艺术与时代不能离太远
要创新要发展哇呀呀呀
让那老的少的男的女的大家都爱看
民族遗产一代一代往下传
一幅幅鲜明的鸳鸯瓦
一群群生动的活菩萨
一点点勾描一点点夸大
一张张脸谱美佳佳

-----------------------------------------------------------------------------------------------------------------------------
本頻道意在推廣及分享时下热门歌曲。
如果喜歡頻道內的音樂，請記得訂閱、分享！
歌曲版權為歌手本人及其音樂公司所有，若喜歡他們的音樂請到相關平台購買支持。
如果本頻道的影片涉及任何侵犯版權行為，請麻煩立即通過郵件聯繫我們，我們會立即刪除相關視頻。
-----------------------------------------------------------------------------------------------------------------------------",Chavel Music,UCkI9tb7bNkRaW7WlfFQWLrw,20200403,1585883363,217,145165,804.0,30.0,https://www.youtube.com/watch?v=d44SuSIN-Dc,public,not_live,,音乐|歌曲|抖音|最新|新歌|动态歌词|lyrics|高音质|无损音质|无损音乐|热门歌曲|热门音乐|歌曲串烧|音樂|動態歌詞|高音質|無損音質|無損音樂|熱門歌曲|熱門音樂|歌曲串燒|Chavel Music|TIK TOK|熱門|流行歌|流行|热门|TIKTOK|MUSIC|Chavel|抖音版|抖音歌曲|谢津|说唱脸谱|说唱脸谱 谢津|谢津 说唱脸谱|謝津|說唱臉譜|說唱臉譜 謝津|謝津 說唱臉譜,Music,https://i.ytimg.com/vi/d44SuSIN-Dc/maxresdefault.jpg,2026-07-24T07:42:43+00:00,yt-dlp public YouTube metadata extractor
GwlDhSnZhXE,facial_makeup_chinese,京剧脸谱,17,What is the Peiking Opera? 什麼是京劇？京剧角色－生、旦、净、丑,"Chinese culture topic: Peiking Opera

Find me:
Instagram: let.smandarin
https://www.instagram.com/let.smandarin/
Facebook: https://www.facebook.com/letsmandarinmilla
My website: https://millachinese.mystrikingly.com/
Booking my trial class:
https://docs.google.com/forms/d/e/1FAIpQLSfXyX25LvSR10zT04_jET03OArDjqRTP-MLdbOiNP9BxBoIKg/viewform

👩🏻‍🏫 My teaching experiences:
✔️ Chinese Instructor of Peking University
✔️ Chinese Instructor of CIEE–Council on International Educational Exchange
✔️ Chinese Instructor of Beijing Language and Culture University
✔️ Teacher for University of Washington China Studies Program
✔️ Teacher for The Rutgers University China Studies Program
✔️ Teacher of Business Chinese course in Beijing
✔️ Awarded by the Ministry of Education of Taiwan for two years in a row as an excellent online teacher in the Digital Learning Companion Program.
✔️ The Education University of Hong Kong's Mandarin Training Assistant Teacher in Beijing 
✔️ Teacher of Chinese language in Moscow 1948 High School Summer Program, Russia
✔️ Chinese Teacher for Mexican Youth Summer Study Tour Program
✔️ Mandarin Teachers in Indonesian Chinese Youth Summer Study Tour Program

✴️Specialist: 
1. Traditional Chinese
2. Simplified Chinese
3. Hanyu pinyin
4. Taiwan zhu yin 
✴️Style: Immersive, thematic, self-published materials, with an emphasis on student expression. Be patient, good at encouraging students to practice, incorporating current events, and students' interests to stimulate students' desire to express themselves.","Mandarin, Over Time 時間裡的中文",UC9WdbvI-r9ZqBlEwoTz9laQ,20220401,1648823801,195,15485,119.0,2.0,https://www.youtube.com/watch?v=GwlDhSnZhXE,public,not_live,en,,Education,https://i.ytimg.com/vi/GwlDhSnZhXE/sddefault.jpg,2026-07-24T07:42:43+00:00,yt-dlp public YouTube metadata extractor
3ADkOwJgawQ,facial_makeup_chinese,京剧脸谱,18,《说唱脸谱》 谢津 原版 1993年央视35周年晚会,"《说唱脸谱》是谢津生前最出名的一首歌。网上也有很多人想找她最初唱的这一版，很多传言说在1994年春晚里，实际并非如此，而是在1993年央视35周年晚会《今宵属于你》中第一次演唱的。

（赵丽蓉、郭达、蔡明的小品《追星族》也出自这场晚会）",苏莉安,UClmZNekOUWIHpAEpRe3fdkQ,20190926,1569491655,182,132989,1053.0,138.0,https://www.youtube.com/watch?v=3ADkOwJgawQ,public,not_live,,说唱脸谱|京剧|谢津,People & Blogs,https://i.ytimg.com/vi/3ADkOwJgawQ/hqdefault.jpg,2026-07-24T07:42:43+00:00,yt-dlp public YouTube metadata extractor
MWxD8BJczw0,facial_makeup_chinese,京剧脸谱,19,如何画京剧脸谱？|京剧教学Peking Opera Lesson:Facial Make-up,"看过京剧的朋友肯定都对不同角色脸谱印象深刻。那么，京剧脸谱究竟是如何画出来的？本期How视频为您带来京剧中孙悟空脸谱的画法。
更多精彩视频http://www.chineseinla.com/howvideo/v_1251.html

孙悟空脸谱的画法：

Step 1画脸谱前为演员涂凡士林
涂凡士林可以保护皮肤。

Step 2白色油彩勾眼窝

Step 3白色油彩勾轮廓
鼻头处用白色油彩做造型。

Step 4红色油彩勾眼窝外轮廓
红色油彩根据之前描摹的白色油彩来勾画轮廓。

Step 5白色油彩填满轮廓外围部分

Step 6黑色油彩涂眼窝以及眉毛
为使孙悟空眼睛更传神可在眉尾处点几个黑点。

Step 7黑色油彩涂鼻孔及嘴唇

Step 8黑色油彩涂额头造型

Step 9黑色油彩勾脸颊造型
为表现孙悟空的英气用黑色油彩将鼻孔做夸张处理。

孙武空脸谱的主色为白色、红色和黑色，为突出火眼金睛也可在眼窝处涂金色。",How视频,UC-ayKOXvIcatt5VocwTrU9Q,20171010,1507618802,292,17633,104.0,7.0,https://www.youtube.com/watch?v=MWxD8BJczw0,public,not_live,,京剧|脸谱|京剧教学|Peking Opera Lesson|Facial Make-up|孙悟空脸谱|油彩|凡士林|画脸谱|How视频|洛杉矶华人资讯网,Howto & Style,https://i.ytimg.com/vi/MWxD8BJczw0/maxresdefault.jpg,2026-07-24T07:42:43+00:00,yt-dlp public YouTube metadata extractor
EN5CPz9WXs8,facial_makeup_chinese,京剧脸谱,20,京剧脸谱有四大类画法、分别是：整脸、碎花、十字门和三块瓦，请问朋友知道我画的是什么画法。#传统 #手艺人,"脸谱哥：西装变脸开创者、全网画脸谱最快者，

做好传统文化传承、脚踏实地做事。

有喜欢爱好传统画脸谱的多多支持

喜欢就订阅我吧，我会坚持更新给大家带来更好的作品。

拜托订阅不要退订哦~偶尔来看一下我吧！

欢迎订阅：https://www.youtube.com/channel/UCk25E-OcdYwgKAvHI2C1xBQ?sub_confirmation=1",脸谱哥,UCk25E-OcdYwgKAvHI2C1xBQ,20240120,1705741216,91,35,,,https://www.youtube.com/watch?v=EN5CPz9WXs8,public,not_live,,,People & Blogs,https://i.ytimg.com/vi/EN5CPz9WXs8/maxresdefault.jpg,2026-07-24T07:42:43+00:00,yt-dlp public YouTube metadata extractor
Kqim7q05ZdI,martial_performance,京剧武戏,1,京剧《白蛇传》梅兰芳京剧团-水斗 [Lady White Snake] Beijing Opera in Vancouver 2017,"京剧《白蛇传》北京梅兰芳京剧团-水斗武戏 。'Legend of Lady White Snake - Water Fight' Mei Lanfang Beijing Opera Troupe 北京梅兰芳京剧团加拿大温哥华 Vancouver 2017上演传统大戏 开启“一带一路” 京剧之旅。《白蛇传》李宏图扮演许仙、郭玮扮演白素贞、陈宇扮演小青、韩胜存扮演法海。

北京京剧院梅兰芳京剧团，是中国唯一以艺术家个人名字命名的国家级表演艺术团体，创建于20世纪20年代。京剧艺术大师梅兰芳先生代表作有《貴妃醉酒》《太真外傳》《穆桂英掛帥》《宇宙锋》等。

本次出访同行也有朱强、陈俊杰、郭伟、黄彦忠、窦晓璇、黄柏雪、周恩旭、曹阳阳、张青松、王岳凌、王雪清等。其他场景包括游湖、结亲、说许、酒变、盗草、水斗、观潮、索夫、逃山。北京京剧院派出70人强大的演出阵容，包括多位国家一级演员经常在CCTV-11戏曲频道《CCTV空中剧院》中演出。

除《白蛇传》之外，其他日期和场地的表演包括《霸王别姬》Farewell My Concubine、《秋江》、《大闹天宫》Havoc in Heaven、《吕布与貂婵》Lu Bu and Diao Chan、《赵氏孤儿》、《三岔口》San Cha Kou、《小宴》，于2017年12月22日-28日分别在温哥华女王剧院 、莫尔森加拿大剧院、拜尔剧场举行5场演出；于2018年1月3日在Royal 维多利亚皇家剧院进行1场演出。希望加拿大观众能体现京剧艺术的魅力，从而更好地推广中国传统文化。

The Mei Lanfang Beijing Opera Troupe came to Vancouver for a Canadian tour at the Queen Elizabeth Theatre on December 22 and 23 for two evening performances of 'The Legend of Lady White Snake'. Featured in this video is 'Broken Bridge'. There is also be a 2PM matinee show of selected scenes from Beijing operas such as 'Farewell My Concubine', 'Havoc in Heaven' from the Money King etc. on December 23 at the Queen Elizabeth Theatre.

此次出演由梅兰芳京剧团团长李宏图带队，他是著名京剧叶派小生，国家一级演员，梅花奖获得者，文化部优秀专家，亚洲最杰出艺人终身成就奖获得者。艺术总监叶少兰先生，系著名“叶派”京剧表演艺术家，首届梅花奖获得者；1986年被美国授予富布赖特国际学者；1999年6月获美国美华艺术中心授予的终生成就奖。著名京剧表演艺术家叶少兰说：“中国的京剧艺术在世界戏剧舞台中具有独特地位和无可比拟的文化价值，要在不断发展的过程中坚守民族文化特色。此次出演将让海外观众能够更深入、更全面的了解京剧文化。”

京剧这一“人类非物质文化遗产”，被称为中国的国粹和东方艺术的瑰宝。今年恰逢加拿大建国150周年，北京京剧院与中意博联（北京）国际文化传播有限公司、天涯星灿文化发展中心合作，是“一带一路，京剧之旅”五年计划的一个美好开始。以传播中国优秀传统艺术来实现文明交流、文明互鉴、文明共存的理想。

京剧传统名剧《白蛇传》人蛇相恋的千古奇谈，追寻真爱的动人传说。修行千年的蛇精白素贞，下凡与青年许仙相恋成婚。在高僧法海的阻扰下，白素贞始终不渝，坚守和许仙的爱情，最终修得善果。

Video by Ray Van Eng
++++++++++++++++++++++
Ray Van Eng 雷云影 is an accomplished media professional, award-winning screenwriter and movie producer. His work has been part of the Hava Nagila Exhibit at the Museum of Jewish Heritage – A Living Memorial to the Holocaust in Manhattan in New York, NY from Sep 2012 to May 2013.
++++++++++++++++++++++++++++++++++++++",Ray Van Eng,UColb5CMwImOKj4-Dm0MJfhA,20171224,1514093533,712,218634,2864.0,74.0,https://www.youtube.com/watch?v=Kqim7q05ZdI,public,not_live,,《白蛇传》|梅兰芳京剧团|水斗|Legend of Lady White Snake|李宏图|郭玮|陈宇|韩胜存|白素贞|许仙|温哥华|加拿大|《霸王别姬》|京剧|武戏|CCTV空中剧院|CCTV-11戏曲频道|北京|梅兰芳|Mei Lanfang Beijing Opera Troupe|《貴妃醉酒》|太真外傳|穆桂英掛帥|宇宙锋,Entertainment,https://i.ytimg.com/vi/Kqim7q05ZdI/maxresdefault.jpg,2026-07-24T07:42:43+00:00,yt-dlp public YouTube metadata extractor
cjXyyvWC6vI,martial_performance,京剧武戏,2,【京劇武打合集】舞台武打要求京劇演員規範准確 美觀舒展 武打動作要靈活稳健 對打要快而不亂,,Singapore 新加坡  Thomas Giam 嚴平凡,UCEnMoFFYDWWQ8JX5vlBXUow,20190503,1556879067,1479,42161,451.0,30.0,https://www.youtube.com/watch?v=cjXyyvWC6vI,public,not_live,en,娛樂 電影 音樂 休閒 旅遊,Entertainment,https://i.ytimg.com/vi/cjXyyvWC6vI/maxresdefault.jpg,2026-07-24T07:42:43+00:00,yt-dlp public YouTube metadata extractor
all3W-4STkg,martial_performance,京剧武戏,3,武戏天花板 李克用麾下骁将生擒残唐狠将 京剧《雅观楼》（金喜全 饰 李存孝，高枫 饰 孟觉海）来自《中国京剧像音像集萃》| 中华戏韵,"#戏曲 #戏曲名段 #戏曲经典 #京剧 #opera #beijingopera 
本期节目主要内容：
李克用与朱温会宴于雅观楼，黄巢部将孟觉海兵至。李克用义子十三太保李存孝勇猛善战，朱温与之以玉带为赌，使李存孝出战。两下约定午时献俘。李存孝果于阵前生擒孟觉海。金喜全 饰 李存孝，高枫 饰 孟觉海。

►▷《中国京剧像音像集萃》播放列表：https://bit.ly/3PbsR4J
【订阅中华戏韵频道】：https://bit.ly/32iZfYI

■□更多中华戏韵精彩节目列表■□
京剧集锦·播放列表：https://bit.ly/3Wyjk8e
评剧集锦·播放列表：https://bit.ly/3vvzAv2
豫剧集锦·播放列表：https://bit.ly/3DeanKC
越剧集锦·播放列表：https://bit.ly/3TjniQM
黄梅戏集锦·播放列表：http://bit.ly/3ySNOYL",中华戏韵,UC2aWa2L_rVzIrYmmjjEEEog,20230625,1687690802,2675,9865,129.0,5.0,https://www.youtube.com/watch?v=all3W-4STkg,public,not_live,,戏曲|京剧雅观楼|京剧|雅观楼|金喜全|李存孝|高枫|孟觉海|功夫|齐宝玉|韩鉴|闫宣霖|班番浪|叶少兰|kungfu|武打|武戏|武生|李克用|义子|生擒|擒拿|捉拿|打架|叶派名剧|叶派经典|叶派名家|京剧程派|小生|唐朝|隋朝|隋唐演义|上海京剧院|国家一级演员|戏剧梅花奖|古装|opera|beijing opera|Beijing|戲曲|京劇雅觀樓|京劇|雅觀樓|高楓|孟覺海|齊寶玉|韓鑒|閆宣霖|葉少蘭|武戲|義子|葉派名劇|葉派經典|葉派名家|京劇程派|隋唐演義|上海京劇院|國家一級演員|戲劇梅花獎|古裝|史剧|古装剧|古装片|史劇|古裝劇|古裝片|像音像|评剧|豫剧|黄梅戏|戏曲频道|CCTV戏曲|戏曲名段|京剧选段|黄梅戏选段|豫剧选段|评剧选段|艺术|曲艺|傳統藝術|國粹|国粹|荀慧生|常香玉|小白玉霜|周信芳|马连良|谭富英|戲曲名段|評劇|豫劇|黄梅戲|河北梆子|粤剧|秦腔|戲曲頻道|CCTV戲曲|CCTV|CCTV11|央视戏曲|中国京剧像音像集萃|中國京劇像音像集萃|京剧名家|京剧新人|京劇名家|中华戏韵|中華戲韵,Entertainment,https://i.ytimg.com/vi/all3W-4STkg/maxresdefault.jpg,2026-07-24T07:42:43+00:00,yt-dlp public YouTube metadata extractor
LdoQ4Uuutes,martial_performance,京剧武戏,4,京劇 2010/2011 新年武戲 王璐CUT,京劇 2010/2011 新年武戲 王璐CUT,Cathy Lu,UCSrTqyjNp0Cw7bHgNBzy7iw,20140103,1388734335,301,8996,86.0,3.0,https://www.youtube.com/watch?v=LdoQ4Uuutes,public,not_live,,京劇王璐|武生王璐|王璐,Entertainment,https://i.ytimg.com/vi/LdoQ4Uuutes/sddefault.jpg?sqp=-oaymwEmCIAFEOAD8quKqQMa8AEB-AH-BIAC4AOKAgwIABABGHIgWig1MA8=&rs=AOn4CLD6vgd8kR48h7h32MNjDRjTP7ZICg,2026-07-24T07:42:43+00:00,yt-dlp public YouTube metadata extractor
Es8Bm9zgRqc,martial_performance,京剧武戏,5,#長坂坡＃周恩旭＃京劇武戲＃京劇經典＃京劇武生＃最新戲訊息＃青京會＃京劇傳承＃北京京劇院＃,,海棠紅,UC7vvycbbq40bmE54a0AwZ7g,20240208,1707379069,62,2085,26.0,2.0,https://www.youtube.com/watch?v=Es8Bm9zgRqc,public,not_live,,,People & Blogs,https://i.ytimg.com/vi/Es8Bm9zgRqc/maxresdefault.jpg,2026-07-24T07:42:43+00:00,yt-dlp public YouTube metadata extractor
w697tXixptc,martial_performance,京剧武戏,6,SCAC-京剧《借扇》孙悟空出场,"郭绪欠（Guo Xuqian）饰演 孙悟空
新加坡华族艺术中心呈现",新加坡华族艺术中心,UC-AJNUm8r78L18s678emmIg,20160412,1460463584,194,120823,777.0,19.0,https://www.youtube.com/watch?v=w697tXixptc,public,not_live,,,Entertainment,https://i.ytimg.com/vi/w697tXixptc/maxresdefault.jpg,2026-07-24T07:42:43+00:00,yt-dlp public YouTube metadata extractor
ZMT3KrnDGZI,martial_performance,京剧武戏,7,【京剧武戏】京剧中那些“真功夫”合集 【活捉】【失子惊疯】【白蛇传】,,leo cui,UCr0HN-LNUjxt37qh-AbJqdg,20200414,1586831417,1201,2161,43.0,2.0,https://www.youtube.com/watch?v=ZMT3KrnDGZI,public,not_live,,,People & Blogs,https://i.ytimg.com/vi/ZMT3KrnDGZI/sddefault.jpg,2026-07-24T07:42:43+00:00,yt-dlp public YouTube metadata extractor
KQ2KDPOkcG8,martial_performance,京剧武戏,8,京剧《三岔口》精彩武戏，明明灯火通明，确是黑咕隆咚，明明寂静无声，却是险象环生 #河南省京剧院,"★ 欢迎订阅梨园华章-Melodies from the East➡️https://bit.ly/45qKrap
★ 点赞和分享您喜欢的视频，让更多人一起领略中国戏曲的魅力！
#京剧 #三岔口 #武戏 #台上一分钟台下十年功 #戏曲 #chineseopera",梨园华章 Melodies from the East,UCZvE2SD-2SJodDN3UxNF_gA,20231129,1701270022,119,162,1.0,,https://www.youtube.com/watch?v=KQ2KDPOkcG8,public,not_live,,,Entertainment,https://i.ytimg.com/vi/KQ2KDPOkcG8/maxresdefault.jpg,2026-07-24T07:42:43+00:00,yt-dlp public YouTube metadata extractor
9FPZ8PJUz6U,martial_performance,京剧武戏,9,海派京剧武戏,"https://vt.tiktok.com/ZSRF6Auav/?k=1
#รู้ภาษากับอุปรากรจีน #ดูงิ้วกับครูแตง

ร่วมเป็นกำลังใจให้เพจเรานำสาระและความงามจากงิ้วมาแบ่งปันกันต่อไปได้ ด้วยการโหลดน้องงิ้วเก็บไว้ในเครื่องได้ตามลิงก์นี้เลยจ้า🙏
https://line.me/S/sticker/12814802

กดติดตาม/ไลก์/แชร์ได้ทุกคลิปและบทความ
ช่องทางติดตามเพจ ""รู้ภาษากับอุปรากรจีน""
Facebook : www.fb.com/jingju.thai
Youtube : https://www.youtube.com/c/jingjuthai
TikTok : www.tiktok.com/@jingju.thai
YouTube : https://youtu.be/Nu693ymwM_o",jingju_thai,UCB-zccDpKVhH0ehAuNzDzKQ,20220725,1658752968,122,326,3.0,,https://www.youtube.com/watch?v=9FPZ8PJUz6U,public,not_live,,京剧|งิ้ว|京剧|งิ้ว,People & Blogs,https://i.ytimg.com/vi/9FPZ8PJUz6U/sddefault.jpg,2026-07-24T07:42:43+00:00,yt-dlp public YouTube metadata extractor
AiO6l06XSl4,martial_performance,京剧武戏,10,京剧《十八罗汉收大鹏》（李哲 饰 金翅大鹏，时增帅 饰 孙悟空）来自《中国京剧像音像集萃》| CCTV戏曲,"本期节目主要内容：
唐僧路过狮驼岭时，被金翅大鹏掳走，孙悟空去往西天拜求佛祖。佛祖命悟空回到狮驼岭引出金翅大鹏，并派十八罗汉前往相助。经过一番缠斗，十八罗汉终将金翅大鹏降伏。李哲 饰 金翅大鹏，时增帅 饰 孙悟空。 

#京剧 #十八罗汉收大鹏 #金翅大鹏 #孙悟空 #李哲 #时增帅 #京剧猴戏 #西游记 #狮驼岭

【订阅CCTV戏曲频道】：https://bit.ly/32iZfYI

■□更多CCTV戏曲精彩节目列表■□
京剧集锦播放列表：https://bit.ly/2H6kPGo
评剧集锦播放列表：https://bit.ly/2ZyK9PT
豫剧集锦播放列表：https://bit.ly/2Iy5Sxv
越剧集锦播放列表：https://bit.ly/2lHCQCX
黄梅戏集锦播放列表：https://bit.ly/2p14gFE

■□更多精彩视频，请关注我们■□
CCTV中国中央电视台：https://bit.ly/32loVDW
CCTV电视剧：https://bit.ly/2HOMYBJ
CCTV纪录：https://bit.ly/3c4UlTp
CCTV科教：https://bit.ly/2HN7yCr

■□关注CCTV系列帐号 Like us on Facebook■□
Facebook（中文）: https://www.facebook.com/CCTV.CH/ 
Facebook（英文）: https://www.facebook.com/cctvcom",中华戏韵,UC2aWa2L_rVzIrYmmjjEEEog,20210916,1631790005,1830,22680,276.0,6.0,https://www.youtube.com/watch?v=AiO6l06XSl4,public,not_live,,京剧|十八罗汉收大鹏|京剧 十八罗汉收大鹏|金翅大鹏|孙悟空|李哲|时增帅|京剧猴戏|西游记|狮驼岭|西天取经|唐僧取经|京劇|十八羅漢收大鵬|京劇 十八羅漢收大鵬|金翅大鵬|孫悟空|時增帥|京劇猴戲|西遊記|獅駝嶺|西天取經|唐僧取經|中国京剧音配像精粹|中國京劇音配像精粹|戏曲|评剧|豫剧|越剧|黄梅戏|戏曲频道|CCTV戏曲|戲曲|戏曲名段|京剧选段|黄梅戏选段|豫剧选段|评剧选段|艺术|曲艺|傳統藝術|國粹|国粹|梅蘭芳|尚小雲|程硯秋|荀慧生|常香玉|小白玉霜|周信芳|马连良|裘盛戎|谭富英|戲曲名段|評劇|豫劇|越劇|黃梅戲|河北梆子|粤剧|秦腔|戲曲頻道|CCTV戲曲|CCTV|CCTV11|央视戏曲,Entertainment,https://i.ytimg.com/vi/AiO6l06XSl4/maxresdefault.jpg,2026-07-24T07:42:43+00:00,yt-dlp public YouTube metadata extractor
KIwirUtvZ4I,martial_performance,京剧武戏,11,京剧经典精彩武戏《虹桥赠珠》片段 传统戏曲 2018,"#Learn Chinese 
#урок китайского языка
#Полиглот. Выучим китайский
#Chinese for school children
#Китайский язык для школьников
#Chinese for Children
#китайского языка для детей
#어린이를위한 중국어
#Chinesisch für Kinder
#Chinois pour les enfants
#子供のための中国語",Learn Chinese with Chinese (Learn Chinese),UCAgq4swTqMi7jstEtjyxXUQ,20201028,1603863197,496,59,1.0,,https://www.youtube.com/watch?v=KIwirUtvZ4I,public,not_live,,Китайский язык|chinese|Learn Chinese for Beginners|урок китайского языка|Китайский язык для школьников|Chinese for school children|китайского языка для детей|Chinese for Children|어린이를위한 중국어|Chinesisch für Kinder|Chinois pour les enfants|子供のための中国語,Education,https://i.ytimg.com/vi/KIwirUtvZ4I/sddefault.jpg,2026-07-24T07:42:43+00:00,yt-dlp public YouTube metadata extractor
1Rq-_firrGI,martial_performance,京剧武戏,12,京剧  《金钱豹》30-6-2018,"京剧  《金钱豹》
陈雷  饰 金钱豹
演出单位：中国戏曲学院

新加坡传统艺术中心
成立
六周年庆典暨筹款晚宴
Traditional Arts Centre （Singapore）Ltd
6th Anniversary and Fundraising Dinner

日期：2018年6月30日 （星期六）
时间：晚上7 时30 分
地点：醉花林俱乐部2楼宴会厅

演员简历
陈雷，中国戏曲学院表演系研究生，京剧科班出身，行当花脸，热爱戏曲及对外文化交流事业，有编导经验，曾担任原创戏曲形体剧《寻》的技术导演与主演，新编京剧武戏《大方酒楼》总导演及项目负责人。曾赴国内外多地进行演出交流，2016至2018年期间被国家汉办选派至美国纽约州立宾汉顿大学戏曲孔子学院进行交流访问两年，教授戏曲课程并赴美洲多地巡演巡讲巡展。",Traditional Arts Centre (Singapore),UCgETa820Nk7x5npLlUHqFzA,20190220,1550642198,252,229,3.0,,https://www.youtube.com/watch?v=1Rq-_firrGI,public,not_live,,京剧|金钱豹|陈雷|传统艺术中心|Traditional Arts Centre,People & Blogs,https://i.ytimg.com/vi/1Rq-_firrGI/hqdefault.jpg,2026-07-24T07:42:43+00:00,yt-dlp public YouTube metadata extractor
uuS1LkBb4X0,martial_performance,京剧武戏,13,京昆名家姚祖福演出京劇武戲《一箭仇》,,唱京昆,UCEEvPlDDzM4kqPmxQjH0T-w,20210319,1616190408,65,95,,,https://www.youtube.com/watch?v=uuS1LkBb4X0,public,not_live,,,People & Blogs,https://i.ytimg.com/vi/uuS1LkBb4X0/maxresdefault.jpg,2026-07-24T07:42:43+00:00,yt-dlp public YouTube metadata extractor
j7FFJsjuNDc,martial_performance,京剧武戏,14,京剧选段《八大锤》选段3：陆文龙舞双枪，如蛟龙出海，上下翻腾令人眼花缭乱，腿上功夫了得方寸不乱 | EIGHT BIG HAMMERS-THE STORY OF LU WENLONG 03,"EIGHT BIG HAMMERS-THE STORY OF LU WENLONG 03: Lu Wenlong presented of his great martial arts.
《八大锤》03：陆文龙舞双枪，如蛟龙出海，上下翻腾令人眼花缭乱，腿上功夫了得方寸不乱
#PekingOpera #ChineseOpera #thePerformingArts #performing",咪咕文化,UCJN9tZC2lvUlgkPsJ1fbqTQ,20210731,1627747222,430,1057,12.0,1.0,https://www.youtube.com/watch?v=j7FFJsjuNDc,public,not_live,,中国梦|物理|文化|膳食|教授|科技|成长|人物故事|光明网|纪录片|成长史|访谈|奋斗|奋斗史|传记|科技名家|戏曲|京剧|cctv|cctv戏曲|cctv11|豫剧|京劇|cctv戲曲|黄梅戏|评剧|河北梆 子|越剧|秦腔|戏曲名段|京剧选段|黄梅戏选段|豫剧选段|评剧选段|評劇|越劇|豫劇|黃梅戲|戲曲名段|央视戏曲|戲曲|國粹|艺术|曲艺|国粹|中央电视台|戏曲频道|傳統藝術|梅蘭芳|尚小雲|程硯秋|荀慧生|常香玉|小白玉霜|周信芳|马连良|裘盛戎|谭富英|粤剧|戲曲頻道|昆曲,Science & Technology,https://i.ytimg.com/vi/j7FFJsjuNDc/maxresdefault.jpg,2026-07-24T07:42:43+00:00,yt-dlp public YouTube metadata extractor
C6Rd_9E17AM,martial_performance,京剧武戏,15,[2018春节戏曲晚会]婺剧《穆桂英大破天门阵》 表演：杨霞云 楼胜 | CCTV戏曲,"2018年新年戏曲晚会在国家大剧院举行。党和国家领导人习近平、李克强、张德江、俞正声、张高丽、栗战书、汪洋、王沪宁、赵乐际、韩正等，与首都近千名群众欢聚一堂，一起观看演出，喜迎新年的到来。夜色中的国家大剧院华灯璀璨，戏剧场内温暖如春、笑语盈盈。19时50分，习近平等党和国家领导人来到晚会现场，同前来观看演出的老艺术家们一一握手，全场响起热烈的掌声。

【订阅CCTV戏曲官方频道】: https://goo.gl/i1pRSj

■□更多CCTV戏曲精彩节目官方超清■□
《空中剧院》官方高清播放列表：https://goo.gl/e6oy5q
《过把瘾》官方高清播放列表：https://goo.gl/ygiQAg
《中国戏歌》官方高清播放列表：https://goo.gl/cetfWZ
《一鸣惊人》官方高清播放列表：https://goo.gl/DWwV9L
《跟我学》官方高清播放列表：https://goo.gl/FevYRP
《名段欣赏》官方高清播放列表：https://goo.gl/fWKMr4
《戏曲采风》官方高清播放列表：https://goo.gl/6tmVJ6
《梨园闯关我挂帅》官方高清播放列表：https://goo.gl/VLdagg
《青春戏苑》官方高清播放列表：https://goo.gl/5iuUti
《快乐戏园》官方高清播放列表：https://goo.gl/HQMPwW

■□关更多精彩官方视频，请关注我们■□
CCTV春晚: http://goo.gl/A9V00o
CCTV中文国际: http://goo.gl/HcZaeZ
CCTV中国中央电视台:https://goo.gl/gYT8W8
CCTV科教：https://goo.gl/qpJZuB
CCTV综艺：https://goo.gl/34d95K
CCTV财经：https://goo.gl/28LqrU
CCTV少儿：https://goo.gl/VFauqN
CCTV电视剧：https://goo.gl/nFq3bC

■□关注CCTV中央电视台其他平台官方账号■□
Facebook: https://www.facebook.com/cctvcom
Twitter: https://twitter.com/CCTV
Instagram: http://instagram.com/cctv",中华戏韵,UC2aWa2L_rVzIrYmmjjEEEog,20180217,1518891117,286,18823,191.0,10.0,https://www.youtube.com/watch?v=C6Rd_9E17AM,public,not_live,,新年戏曲晚会|国家大剧院|习近平|李克强|张德江|俞正声|张高丽|栗战书|汪洋|戏曲|春节|中央电视台|CCTV|CCTV11|传统文化|京剧|CCTV戏曲|艺术家|青年演员|经典大戏|文化|国家领导人|欢聚一堂|新年戲曲晚會|國家大劇院|習近平|李克強|張德江|俞正聲|張高麗|栗戰書|戲曲|春節|中央電視臺|傳統文化|京劇|CCTV戲曲|藝術家|青年演員|經典大戲|Beijing Opera,Entertainment,https://i.ytimg.com/vi/C6Rd_9E17AM/maxresdefault.jpg,2026-07-24T07:42:43+00:00,yt-dlp public YouTube metadata extractor
iEj9J38wCPs,martial_performance,京剧武戏,16,京劇《新龍門客棧》武戲“燃”京城,"(2019-09-16 報導)
Yes娛樂、掌握藝人第一手新聞報導、↖現在就訂閱 Youtube 頻道，２４小時不間斷，即時新聞
最新新聞： https://www.youtube.com/fansyes/videos
官網： http://www.fansyes.com.tw/
FB： https://www.facebook.com/starsyes
客服信箱： service@fansyes.com",Yes娛樂,UCr-8dNDiVQHpWs7Znw4UQdQ,20190916,1568639658,34,224,1.0,,https://www.youtube.com/watch?v=iEj9J38wCPs,public,not_live,,京剧|龙门客栈|武戏|演出|明星|京劇|龍門客棧|武戲,Entertainment,https://i.ytimg.com/vi/iEj9J38wCPs/maxresdefault.jpg,2026-07-24T07:42:43+00:00,yt-dlp public YouTube metadata extractor
8XuC2HGY_1E,martial_performance,京剧武戏,17,武戏《雁荡山》选段 朱凌宇 唐恺 周恩旭 刘大可《2026年新年戏曲晚会》| 中华戏韵,"#戏曲 #新年 #2026 #戏曲晚会

《2026年新年戏曲晚会》播放列表：https://www.youtube.com/playlist?list=PLt1zKFJXVcUk28Cpg1ccHOJYsyuCgY9k-
【订阅中华戏韵频道】：https://bit.ly/32iZfYI

■□新年戏曲晚会回顾■□
2025年新年戏曲晚会：https://www.youtube.com/watch?v=FxckOVe7RgU&list=PLt1zKFJXVcUlAvmf8SoQOSU6M-ZR4lmqt&index=1
2024年新年戏曲晚会：https://www.youtube.com/watch?v=Lp37zHUVe5w&list=PLt1zKFJXVcUnrLzl-eIRVcmjIO7NEfj-_&index=1
2023年新年戏曲晚会：https://www.youtube.com/watch?v=PpeR3Lw_D5o&list=PLt1zKFJXVcUlTG9weaWAxMBNPZ8758QXP&index=1
2022年新年戏曲晚会：https://www.youtube.com/watch?v=ao9VY2YXKfU&list=PLt1zKFJXVcUk0_XqRm54jeHAM6rtS5yaY&index=1
2021年新年戏曲晚会：https://www.youtube.com/watch?v=WRg5PyDD-s0&list=PLt1zKFJXVcUkMNCfShgpIgaciqmklVnnl&index=1
2020年新年戏曲晚会：https://www.youtube.com/watch?v=1UvXQNrD-DU&list=PLt1zKFJXVcUlvEt7KJLG9YqmkUOPPp7k7&index=1",中华戏韵,UC2aWa2L_rVzIrYmmjjEEEog,20260102,1767359521,403,3064,34.0,2.0,https://www.youtube.com/watch?v=8XuC2HGY_1E,public,not_live,,戲曲|雁荡山|朱凌宇|唐恺|周恩旭|刘大可|武戏|武戏曲|京剧|CCTV|cctv戏曲|新年|戏曲晚会|2026戏曲晚会|2026|2026新年戏曲|2026新年晚会|央视戏曲晚会|新年戏曲晚会|央视晚会|央视戏曲|傳統文化|评剧|昆曲|河北梆子|越剧|秦腔|豫剧|黄梅戏|戏曲名段|京剧选段|黄梅戏选段|豫剧选段|评剧选段|京劇|評劇|梅兰芳|程砚秋|常香玉|小白玉霜|周信芳|马连良|谭富英|越劇|豫劇|黄梅戲|戲曲名段|京劇選段|黄梅戲選段|豫劇選段|評劇選段|中华戏韵|中華戲韻|cctv戲曲,Entertainment,https://i.ytimg.com/vi/8XuC2HGY_1E/maxresdefault.jpg,2026-07-24T07:42:43+00:00,yt-dlp public YouTube metadata extractor
paWssQ8kq1I,martial_performance,京剧武戏,18,京剧《飞虎山》（朱福 饰 安敬思，魏积军 饰 李克用）来自《中国京剧像音像集萃》| CCTV戏曲,"【订阅CCTV戏曲频道】：https://bit.ly/32iZfYI

■□更多CCTV戏曲精彩节目列表■□
京剧集锦·播放列表：https://bit.ly/3AxUtqk
评剧集锦·播放列表：https://bit.ly/3hJpxMq
豫剧集锦·播放列表：https://bit.ly/3EqMuxQ
越剧集锦·播放列表：https://bit.ly/3zkylyx
黄梅戏集锦·播放列表：https://bit.ly/3nIQSCp

■□更多精彩视频，请关注我们■□
CCTV中国中央电视台：https://bit.ly/32loVDW
CCTV电视剧：https://bit.ly/2HOMYBJ
CCTV纪录：https://bit.ly/3c4UlTp
CCTV科教：https://bit.ly/2HN7yCr

■□关注CCTV系列帐号 Like us on Facebook■□
Facebook（中文）: https://www.facebook.com/CCTV.CH/ 
Facebook（英文）: https://www.facebook.com/cctvcom",中华戏韵,UC2aWa2L_rVzIrYmmjjEEEog,20220227,1645959624,4359,5114,63.0,,https://www.youtube.com/watch?v=paWssQ8kq1I,public,not_live,,中国京剧音配像精粹|中國京劇音配像精粹|戏曲|京剧|评剧|豫剧|越剧|黄梅戏|戏曲频道|CCTV戏曲|戲曲|戏曲名段|京剧选段|黄梅戏选段|豫剧选段|评剧选段|艺术|曲艺|傳統藝術|國粹|国粹|梅蘭芳|尚小雲|程硯秋|荀慧生|常香玉|小白玉霜|周信芳|马连良|裘盛戎|谭富英|戲曲名段|京劇|評劇|豫劇|越劇|黃梅戲|河北梆子|粤剧|秦腔|戲曲頻道|CCTV戲曲|CCTV|CCTV11|央视戏曲,Entertainment,https://i.ytimg.com/vi/paWssQ8kq1I/maxresdefault.jpg,2026-07-24T07:42:43+00:00,yt-dlp public YouTube metadata extractor
tjyPfiHtzgA,martial_performance,京剧武戏,19,【2022端午奇妙游 】 京剧最难武戏《三岔口》：摸黑搏斗，看看有什么创新？#河南卫视 #中国节日,"🎬 👉欢迎订阅https://bit.ly/3vLU2IX
         吴宣仪献唱一首《艾草青青》，带给人们非常放松的享受，听她的歌声就好像闻到了艾草的清香。吴宣仪的着装造型也与这首歌非常搭，她就像是行走在艾草中的花仙子一样。花仙子来到南阳水帘洞，清水濯足，仙气飘飘。
        2022年的“端午奇妙游”又刷屏了。喜剧+武侠+歌舞+漫谈：这届端午奇妙游很“混搭”一舞《飞龙在天》震撼人心；《王风·采葛》现诗经中的浓烈思念；屠洪刚老师一曲《定军山》气势恢宏，弹幕纷纷“开口跪”……#飞龙在天祈福天下安康#、#王风采葛展现中国古典舞之美#、#原来屈原才是中国式浪漫鼻祖#、#吴宣仪艾草青青好温柔#等多个词条登上热搜。
  
👉👉👉 更多“中国节日”系列
    河南卫视晚会+奇妙游系列     https://bit.ly/3wfxjVG

💖 精彩剧集💖🎈🎈
    ▶️🍭《超越 ChaoYue》https://youtu.be/YuGtAN9g1q4
    ▶️🍭《宣传片集锦 3分钟速览优质中文剧》https://youtu.be/tZXKsNjeAIs   

💖 动画片💖🎈🎈
    ▶️🍭《大禹治水》https://youtu.be/1yodNJcRhaA
    ▶️🍭《天天成长记》https://youtu.be/5wBr7-vE4So
    ▶️🍭《梦娃》https://youtu.be/nJSI02dLb0o
    ▶️🍭《百鸟朝凤》 https://youtu.be/rNTAzDFB-iM
 
💖经典纪录片💖🎈🎈
    ▶️🍭《中国节日》https://youtu.be/Hi8zbxbwCt8
    ▶️🍭《流动的中国》https://youtu.be/8uqIKhc-tG8
    ▶️🍭《过年》 https://youtu.be/C2RzoYR6SkM
    ▶️🍭《看中国·魅力吉林》 https://youtu.be/VHKLOF-Xr6g
    ▶️🍭《看中国·魅力山西》 https://youtu.be/qR_13tpchmA
    ▶️🍭《中国文房四宝》 https://youtu.be/jwjVY9QD3Q4
    ▶️🍭《看中国·魅力山西》 https://youtu.be/PDcS2fizyMg
    ▶️🍭《薪火相传-中国非物质文化遗产》https://youtu.be/-QI3rYz8jvE
    ▶️🍭《百年光影 薪火相传》https://youtu.be/oEvuhpGErBg
00:00:00 Introduction
00:04:13  非遗表演《秋月稷》：火树银花
00:48:20 歌曲《若思念便思念》：周深戳中泪点",a journey of culture 文化之旅,UCi634BgZxoEZehEufLA152g,20220920,1663675227,266,779,6.0,,https://www.youtube.com/watch?v=tjyPfiHtzgA,public,not_live,,三岔口|三岔口京剧|河南卫视|河南卫视端午奇妙游|吴宣仪|屠洪刚|吴宣仪歌曲|中国节日|奇妙游|wu xuanyi|wu xuanyi produce 101|屠洪刚 精忠报国|屠洪刚 定军山|河南 奇妙游|飞龙在天|Sanchakou|Sanchakou Peking Opera|संचाकौ|सांचकौ पेकिंग ओपेरा,Entertainment,https://i.ytimg.com/vi/tjyPfiHtzgA/maxresdefault.jpg,2026-07-24T07:42:43+00:00,yt-dlp public YouTube metadata extractor
jFqizI18ww0,martial_performance,京剧武戏,20,京剧《白良关》（魏积军 饰 尉迟恭，蔡景超 饰 尉迟宝林）来自《中国京剧像音像集萃》| CCTV戏曲,"【订阅CCTV戏曲频道】：https://bit.ly/32iZfYI

■□更多CCTV戏曲精彩节目列表■□
京剧集锦·播放列表：https://bit.ly/3AxUtqk
评剧集锦·播放列表：https://bit.ly/3hJpxMq
豫剧集锦·播放列表：https://bit.ly/3EqMuxQ
越剧集锦·播放列表：https://bit.ly/3zkylyx
黄梅戏集锦·播放列表：https://bit.ly/3nIQSCp

■□更多精彩视频，请关注我们■□
CCTV中国中央电视台：https://bit.ly/32loVDW
CCTV电视剧：https://bit.ly/2HOMYBJ
CCTV纪录：https://bit.ly/3c4UlTp
CCTV科教：https://bit.ly/2HN7yCr

■□关注CCTV系列帐号 Like us on Facebook■□
Facebook（中文）: https://www.facebook.com/CCTV.CH/ 
Facebook（英文）: https://www.facebook.com/cctvcom",中华戏韵,UC2aWa2L_rVzIrYmmjjEEEog,20220320,1647774017,4970,15092,134.0,2.0,https://www.youtube.com/watch?v=jFqizI18ww0,public,not_live,,京剧《白良关》|京剧《碧玉簪》|中国京剧音配像精粹|中國京劇音配像精粹|戏曲|京剧|评剧|豫剧|越剧|黄梅戏|戏曲频道|CCTV戏曲|戲曲|戏曲名段|京剧选段|黄梅戏选段|豫剧选段|评剧选段|艺术|曲艺|傳統藝術|國粹|国粹|梅蘭芳|尚小雲|程硯秋|荀慧生|常香玉|小白玉霜|周信芳|马连良|裘盛戎|谭富英|戲曲名段|京劇|評劇|豫劇|越劇|黃梅戲|河北梆子|粤剧|秦腔|戲曲頻道|CCTV戲曲|CCTV|CCTV11|央视戏曲,Entertainment,https://i.ytimg.com/vi/jFqizI18ww0/sddefault.jpg,2026-07-24T07:42:43+00:00,yt-dlp public YouTube metadata extractor
Zkmz0ztbKmg,history_education,Peking Opera history documentary,1,Peking Opera: China's Greatest Gender-Fluid Spectacle | Century Masters,"Subscribe and click the bell icon to get more arts content every week:
youtube.com/c/PerspectiveArts

In China, the 20th Century was marked by dramatic social and political changes. It saw the end of the Qing Dynasty, the emergence of regional warlord governments, a Japanese military occupation, the Chinese Civil War and the founding of the People’s Republic of China. It was equally eventful in the fields of music, painting, drama and literature. Behind this transformation was a group of remarkable individuals, men who persevered despite national and personal tragedies. A new ten-part documentary series explores their contributions and legacies. 

Perspective is YouTube's home for the arts. Come here to get your fill of great music, theatre, art and much, much more!

From ""Century Masters""

Content licensed from Espresso to Little Dot Studios.

Any queries, please contact us at: 
perspective@littledotstudios.com",Perspective,UCN8V_pO0xOFKLL4XG1tshnw,20210426,1619452815,3013,36507,986.0,95.0,https://www.youtube.com/watch?v=Zkmz0ztbKmg,public,not_live,en,Art appreciation|Chinese history|Contributions|Cultural diversity.|Documentary series|Drama|Gender roles|Gender-Fluid|Japanese occupation|Music appreciation|Opera costumes|Opera history|Opera music|Painting|People’s Republic of China|Performance art|Stage makeup|Theatrical traditions|Traditional music|Tragedies,People & Blogs,https://i.ytimg.com/vi/Zkmz0ztbKmg/maxresdefault.jpg,2026-07-24T07:42:43+00:00,yt-dlp public YouTube metadata extractor
yzAdZDK4XKA,history_education,Peking Opera history documentary,2,"China, Zaju, and Beijing Opera: Crash Course Theater #25","This week we're headed to China to learn about the ancient origins of theater there. We'll look at the early days of wizard theater (not a typo), the development of classical Chinese theater, and the evolution of Beijing Opera. 

Also, check out America from Scratch: https://www.youtube.com/americafromscratch

Crash Course is on Patreon! You can support us directly by signing up at http://www.patreon.com/crashcourse

Thanks to the following Patrons for their generous monthly contributions that help keep Crash Course free for everyone forever:

Mark Brouwer, Erika & Alexa Saur, Glenn Elliott, Justin Zingsheim, Jessica Wode, Eric Prestemon, Kathrin Benoit, Tom Trval, Jason Saslow, Nathan Taylor, Divonne Holmes à Court. Brian Thomas Gossett, Khaled El Shalakany, Indika Siriwardena, SR Foxley, Sam Ferguson, Yasenia Cruz, Eric Koslow, Caleb Weeks, Tim Curwick, D.A. Noe, Shawn Arnold, Ruth Perez, Malcolm Callis, Ken Penttinen, Advait Shinde, William McGraw, Andrei Krishkevich, Rachel Bright, Mayumi Maeda, Kathy & Tim Philip, Jirat, Eric Kitchen, Ian Dundore, Chris Peters
--

Want to find Crash Course elsewhere on the internet?
Facebook - http://www.facebook.com/YouTubeCrashCourse
Twitter - http://www.twitter.com/TheCrashCourse
Tumblr - http://thecrashcourse.tumblr.com 
Support Crash Course on Patreon: http://patreon.com/crashcourse

CC Kids: http://www.youtube.com/crashcoursekids",CrashCourse,UCX6b17PVsYBQ0ip5gyeme-Q,20180810,1533936828,703,184283,3479.0,115.0,https://www.youtube.com/watch?v=yzAdZDK4XKA,public,not_live,en,John Green|Hank Green|vlogbrothers|Crash Course|crashcourse|education|theater|theatre|China|Beijing|Yuan|Han|Dynasty|Sui|Song|Romance of the Three Kingdoms|emperor|Beijing Opera|Chinese|Mongols,Education,https://i.ytimg.com/vi/yzAdZDK4XKA/maxresdefault.jpg,2026-07-24T07:42:43+00:00,yt-dlp public YouTube metadata extractor
EnB0Tq6_ELQ,history_education,Peking Opera history documentary,3,The Journey of Peking Opera,"The development of Peking Opera epitomizes the evolution of traditional Chinese art forms.

Based on periods of Chinese history and Chinese literature, Peking opera can give an immersive education in Chinese culture.

Over the past seven decades, the art form has evolved from entertainment for Chinese people to a cultural ambassador that has introduced the country's traditions to a global audience.

Retrace Peking opera's journey over the past seven decades with performer Hua Dan and her partner Wu Sheng.

Follow us: 
Youtube: https://www.youtube.com/ChinaCultureOrg
Facebook: https://www.facebook.com/chinacultureorg 
Twitter: https://twitter.com/Chinacultureorg
Instagram:  https://www.instagram.com/china_culture
http://en.chinaculture.org",China Culture,UCleeqn61KSWipVWWu9kJfGQ,20190927,1569568129,197,14586,100.0,3.0,https://www.youtube.com/watch?v=EnB0Tq6_ELQ,public,not_live,en,Peking Opera|Chinese culture|China Culture,News & Politics,https://i.ytimg.com/vi/EnB0Tq6_ELQ/maxresdefault.jpg,2026-07-24T07:42:43+00:00,yt-dlp public YouTube metadata extractor
zV_nAoSvzUU,history_education,Peking Opera history documentary,4,Mei Lanfang: How Peking Opera Shook The World | Century Masters,"Subscribe and click the bell icon to get more arts content every week:
youtube.com/c/PerspectiveArts

In China, the 20th Century was marked by dramatic social and political changes. It saw the end of the Qing Dynasty, the emergence of regional warlord governments, a Japanese military occupation, the Chinese Civil War and the founding of the People’s Republic of China. It was equally eventful in the fields of music, painting, drama and literature. Behind this transformation was a group of remarkable individuals, men who persevered despite national and personal tragedies. A new ten-part documentary series explores their contributions and legacies. 

Perspective is YouTube's home for the arts. Come here to get your fill of great music, theatre, art and much, much more!

From ""Century Masters""

Content licensed from Espresso to Little Dot Studios.

Any queries, please contact us at: 
perspective@littledotstudios.com

#PekinOpera #ChineseArts #ArtDocumentary",Perspective,UCN8V_pO0xOFKLL4XG1tshnw,20210303,1614798012,3023,69580,1775.0,70.0,https://www.youtube.com/watch?v=zV_nAoSvzUU,public,not_live,en,Asian Art Documentary|Asian Performance Art|Cheng Feng Poem|Chinese Artistry|Chinese Cultural Revolution Impact|Chinese Performance Art|Chinese Theater History|Chinese Theatrical Traditions|Evolution of Chinese Theater|Mei Lanfang Achievements|Mei Lanfang Contributions|Mei Lanfang Documentary|Mei Lanfang Film|Mei Lanfang Heritage|Mei Lanfang Legacy|Meihua Shan Characters|Peking Opera Culture|Peking Opera Culture Explained|Peking Opera Techniques,People & Blogs,https://i.ytimg.com/vi/zV_nAoSvzUU/maxresdefault.jpg,2026-07-24T07:42:43+00:00,yt-dlp public YouTube metadata extractor
6_da9z2_1PE,history_education,Peking Opera history documentary,5,This is China: The Beijing Opera,"The Beijing opera, one China's most famous traditions, arose in the late 18th century and became fully developed and recognized by the mid-19th century. The artform's heritage endures to this day, meaning the ancient Beijing opera is the same as the modern version. According to a master in Beijing opera, he said it is their main task to preserve Chinese culture and history and bring it up to date - while trying not miss any details. 
This edition of This is China, The Beijing Opera: Reality and Eternity, tells this story. 

Subscribe to us on YouTube: https://goo.gl/lP12gA

Download our APP on Apple Store (iOS): https://itunes.apple.com/us/app/cctvnews-app/id922456579?l=zh&ls=1&mt=8

Download our APP on Google Play (Android): https://play.google.com/store/apps/details?id=com.imib.cctv

Follow us on:

Facebook: https://www.facebook.com/ChinaGlobalTVNetwork/
Instagram: https://www.instagram.com/cgtn/?hl=zh-cn
Twitter: https://twitter.com/CGTNOfficial
Pinterest: https://www.pinterest.com/CGTNOfficial/
Tumblr: http://cctvnews.tumblr.com/
Weibo: http://weibo.com/cctvnewsbeijing",CGTN,UCgrNz-aDmcr2uuto8_DL2jg,20171216,1513419050,1602,13949,131.0,3.0,https://www.youtube.com/watch?v=6_da9z2_1PE,public,not_live,en,CCTV|CGTN|beijing|beijingopera|opera|china|perserve|culture|history|reality|eternity,News & Politics,https://i.ytimg.com/vi/6_da9z2_1PE/maxresdefault.jpg,2026-07-24T07:42:43+00:00,yt-dlp public YouTube metadata extractor
XzaqEzwYjmM,history_education,Peking Opera history documentary,6,"CHINESE OPERA, A DYING ART ( A Short Documentary)","Produced by mp4 films.

Co-owners: Farah Nabila, Hazel Ng, Jihan Fakhirah, Kautsar Rahman, Nur Shabrina Shofanie, Syamilah Osman

In collaboration with: Yuet Wan Cantonese Opera Association Kuala Lumpur - 吉隆坡粤韵粤剧曲艺协会 
Check out: (https://www.facebook.com/YuetWanOpera2009/)

Get In Touch With Me...

Aisha Siddiqui
aishtard@gmail.com
instagram: https://www.instagram.com/aishtard/

ALL RIGHTS RESERVED",Aisha aIsHa,UCkZDu3EHLHEvaSnTeUTG1YQ,20181205,1543995527,447,2669,35.0,2.0,https://www.youtube.com/watch?v=XzaqEzwYjmM,public,not_live,en,#documentary|#chineseopera|#production,Film & Animation,https://i.ytimg.com/vi/XzaqEzwYjmM/maxresdefault.jpg,2026-07-24T07:42:43+00:00,yt-dlp public YouTube metadata extractor
7UePPiiDgGo,history_education,Peking Opera history documentary,7,The Untold Story of Warrior Women in Chinese Opera,"Think Mulan was one of a kind? Chinese opera’s been full of warrior women like her for centuries. Meet the “Wudan” and “Daomadan”: fierce fighters and generals in dazzling armor, flipping and spinning swords on stage. Once banned from performing—or even watching—the opera, women fought
their way back a century ago, and their revolution went far beyond the stage.

中国戏曲中的巾帼英雄历史悠久，但展现女性英勇的武旦和刀马旦却一度由男人扮演。直到百年 前，女人夺回属于她们的舞台，也掀起了一场戏内戏外的革命。

The Story in Us is a thematic anthology that celebrates storytelling traditions from across the United States and the world. Each short character driven documentary is a deep dive into a culture’s tradition of storytelling told faithfully by members of that community. With authenticity and care, each film explores lesser-known histories with unique perspectives and insights to bring these storytelling legacies to light. The first season of The Story in Us was produced in partnership with the PBS Ignite Filmmakers Program, a hybrid 12-month program for up to 10 early-career filmmakers who have experienced barriers to entering the media industry.

*****
PBS Member Stations rely on viewers like you. To support your local station, go to: http://to.pbs.org/DonateVoices
*****

Educators! Extend the learning from this video with this free PBS LearningMedia resource. Students will explore Beijing Opera: a uniquely Chinese art form that weaves together colorful costuming, elaborate face painting, music, mime, dance, and acrobatics. A perfect fit for world cultures, arts, and global studies units. (Grades: 6-12)  Explore now: https://bit.ly/beijingoperadance

Subscribe to PBS Voices so you never miss an episode!  https://www.youtube.com/@PBSDocumentaries
 
And keep up with PBS Voices on:
Facebook: https://www.facebook.com/PBSDigitalStudios/
Twitter: https://twitter.com/pbsds
Instagram: https://www.instagram.com/pbsds",PBS Documentaries,UCq6OAftTQOuUBRdtUDq5SUA,20260219,1771513221,725,66327,895.0,50.0,https://www.youtube.com/watch?v=7UePPiiDgGo,public,not_live,,pbs digital studios|pbs|feminism|chinese opera|wudan|mulan|women's rights|women's history|peking opera|daomadan|京剧|武旦|刀马旦|女性主义历史|女性主义|中国戏曲,Education,https://i.ytimg.com/vi/7UePPiiDgGo/maxresdefault.jpg,2026-07-24T07:42:43+00:00,yt-dlp public YouTube metadata extractor
E02s3uekNBI,history_education,Peking Opera history documentary,8,Shang Changrong「Peking Opera：Behind the Greasepaint」 | China Documentary,"Subscribe to China Documentary: https://bit.ly/3aPKZe4

Click to Watch More：
City of Joy :
https://bit.ly/31lVZwE
Under the Foreign Sky III:
https://bit.ly/2QlAi9Z
Four Ways to Kung Fu:
https://bit.ly/2YvRHkq
Bridge Barbers:
https://bit.ly/34yeQGS
Summer of Life: 
https://bit.ly/3gWXEOV",China Documentary,UCvQTE2SwMvtoIpr79Q270Gg,20201016,1602851409,1412,387,7.0,,https://www.youtube.com/watch?v=E02s3uekNBI,public,not_live,,Peking Opera|china|beijing opera|chinese opera|Peking|peking duck|Greasepaint|Greasepaint face|makeup artist|greasepaint|京剧|京剧艺术|京剧脸谱|京剧脸谱知识|京剧脸谱面具|京剧脸谱介绍|梅兰芳|梅蘭芳|beijing|meilanfang|霸王别姬|chinese culture|documentary|BBC Documentary|Discovery|Wildlife Animal|National Geographic|Shang Chsngrong,People & Blogs,https://i.ytimg.com/vi/E02s3uekNBI/maxresdefault.jpg,2026-07-24T07:42:43+00:00,yt-dlp public YouTube metadata extractor
7FN8kOudDlM,history_education,Peking Opera history documentary,9,Huangmei opera 黄梅戏 documentary (part 6 of 10): Consummation of Peking Opera and Huangmei Opera,"The English-language version of part 6 (""Consummation of Peking Opera and Huangmei Opera"") of the 10-part documentary ""Huangmei Opera,"" produced by CCTV-9 Documentary in 2010.

The documentary covers the origins and development of Huangmei opera (Huangmei xi, 黄梅戏), an important form of local opera (difang xiqu, 地方戏曲) from China.

CCTV-9 Documentary is the documentary channel of the China Central Television (CCTV) television network, based in China.

Note: Part 8 of this 10-part documentary series has unfortunately been blocked from viewing on YouTube due to a copyright claim from the Hong Kong-based Celestial Pictures company, on the grounds that this episode contains a clip from one of its Shaw Brothers Huangmei opera films.",dbadagna,UCEVEsOLJ5NFpEJe7N5nbNhA,20151201,1448986081,2128,325,1.0,,https://www.youtube.com/watch?v=7FN8kOudDlM,public,not_live,en,Huangmei Opera|Huangmei County (Chinese County)|Peking Opera (Opera Genre)|Beijing opera|jingju|jingxi|jing ju|jing xi|京剧|京戏,Music,https://i.ytimg.com/vi/7FN8kOudDlM/sddefault.jpg,2026-07-24T07:42:43+00:00,yt-dlp public YouTube metadata extractor
9WMmvD2I-rQ,history_education,Peking Opera history documentary,10,The Legendary Life of Mei Lanfang - How Peking Opera Conquered the World,"Discover the captivating story of Peking opera and the legendary Mei Lanfeng, the master who transformed Chinese performing arts forever.

Dive deep into the rich history and evolution of Peking opera, China’s most iconic theatrical tradition. This video unpacks how Peking opera emerged as the nation’s cultural treasure, outshining hundreds of local operatic forms. You’ll learn why it’s called “Peking” opera, explore its roots in Beijing, and see how the genre blends singing, acting, martial arts, and intricate stagecraft. The spotlight is on Mei Lanfeng, the visionary artist who overcame early setbacks and skepticism to revolutionize Peking opera with his creativity, discipline, and courage.

Follow Mei Lanfeng’s journey from his challenging childhood and rigorous training to his rise as a superstar on China’s grandest stages. Witness his relentless drive for innovation - from modernizing costumes and choreography to introducing new themes that resonated with contemporary audiences. The video also reveals how Mei Lanfeng became an international cultural ambassador, dazzling audiences from Shanghai to Broadway and forging connections between East and West. Even during turbulent times, his artistry and integrity shone, leaving a legacy that continues to inspire new generations.

Whether you’re a fan of Chinese opera, fascinated by world music and theater, or curious about the life of one of China’s greatest artists, this story will leave you in awe of the artistry, perseverance, and global impact of Peking opera and Mei Lanfeng.

#ChineseOpera #PekingOpera #MeiLanfeng #ChineseCulture #PerformingArts #OperaHistory #CulturalHeritage #StageLegends",Silk Road - Asian History Documentaries,UCjndH_0yCzfM-D0nkklhFLQ,20260531,1780243232,3118,258,9.0,,https://www.youtube.com/watch?v=9WMmvD2I-rQ,public,not_live,,Peking opera|Mei Lanfeng|Chinese opera|opera history|Beijing culture|traditional arts|Chinese theater|opera performance|Shanghai opera|opera master|opera reform|Mei School,People & Blogs,https://i.ytimg.com/vi/9WMmvD2I-rQ/maxresdefault.jpg,2026-07-24T07:42:43+00:00,yt-dlp public YouTube metadata extractor
vtV3iAuYN48,history_education,Peking Opera history documentary,11,Peking opera,"UNESCO: Representative List of the Intangible Cultural Heritage of Humanity - 2010
URL: http://www.unesco.org/culture/ich/RL/00418
Description: Peking opera is a performance art incorporating singing, reciting, acting, martial arts. Although widely practised throughout China, its performance centres on Beijing, Tianjin and Shanghai. Peking opera is sung and recited using primarily Beijing dialect, and its librettos are composed according to a strict set of rules that prize form and rhyme. They tell stories of history, politics, society and daily life and aspire to inform as they entertain. The music of Peking opera plays a key role in setting the pace of the show, creating a particular atmosphere, shaping the characters, and guiding the progress of the stories. 'Civilian plays' emphasize string and wind instruments such as the thin, high-pitched ''jinghu ''and the flute ''dizi, ''while 'military plays' feature percussion instruments like the ''bangu ''or ''daluo. ''Performance is characterized by a formulaic and symbolic style with actors and actresses following established choreography for movements of hands, eyes, torsos, and feet. Traditionally, stage settings and props are kept to a minimum. Costumes are flamboyant and the exaggerated facial make-up uses concise symbols, colours and patterns to portray characters' personalities and social identities. Peking opera is transmitted largely through master-student training with trainees learning basic skills through oral instruction, observation and imitation. It is regarded as an expression of the aesthetic ideal of opera in traditional Chinese society and remains a widely recognized element of the country's cultural heritage.
Country(ies): China
© 2009 by Han wen / Beijing Bureau of Culture
Duration: 00:09:08 - Support: DVD (0041800004)",UNESCO,UCkD7gm3Am3M3k156lk46t3A,20101105,1288961551,548,323563,1406.0,,https://www.youtube.com/watch?v=vtV3iAuYN48,public,not_live,en,Intangible|Cultural|Heritage;|UNESCO|2003|Convention;|China;|00418;|Representative|List|(2010),People & Blogs,https://i.ytimg.com/vi/vtV3iAuYN48/hqdefault.jpg?sqp=-oaymwEmCOADEOgC8quKqQMa8AEB-AH-BIAC4AOKAgwIABABGH8gLCgYMA8=&rs=AOn4CLBTlj7FvZsT4aNlLFqV99PRFVK7RQ,2026-07-24T07:42:43+00:00,yt-dlp public YouTube metadata extractor
gMa-MYunBEI,history_education,Peking Opera history documentary,12,Peking Opera Episode 1 Origins Part 1 of 4,Landmark documentary series tracing the origins of the Peking Opera. Peking Opera is one of China's best known cultural symbols -- a unique stage performance that has charmed people fro hundreds of years.,Propeller Global Media,UC8za_PmEjbTlt82aj8LccEA,20140508,1399565463,482,448,2.0,,https://www.youtube.com/watch?v=gMa-MYunBEI,public,not_live,en,Propeller|TV,Entertainment,https://i.ytimg.com/vi/gMa-MYunBEI/maxresdefault.jpg,2026-07-24T07:42:43+00:00,yt-dlp public YouTube metadata extractor
f0D_MsRonn0,history_education,Peking Opera history documentary,13,Farewell My Concubine the Beijing Opera  History  Drama  China Movie Channel ENGLISH  ENGSUB,,Global Music & Dance,UCHzw8o5X-9KQd33zUIrnPZA,20240913,1726253678,5882,9345,258.0,8.0,https://www.youtube.com/watch?v=f0D_MsRonn0,public,not_live,,,People & Blogs,https://i.ytimg.com/vi/f0D_MsRonn0/maxresdefault.jpg,2026-07-24T07:42:43+00:00,yt-dlp public YouTube metadata extractor
MtBfjIwoyeg,history_education,Peking Opera history documentary,14,[Century Masters] Ep 13: 尚小云 Shang Xiaoyun | Peking Opera | Biographical Documentary (English ver.),,Century Masters百年巨匠官方频道,UCyqMKq7puyqVPr71vRZGUdg,20210316,1615874210,3120,2701,44.0,1.0,https://www.youtube.com/watch?v=MtBfjIwoyeg,public,not_live,en,,Film & Animation,https://i.ytimg.com/vi/MtBfjIwoyeg/maxresdefault.jpg,2026-07-24T07:42:43+00:00,yt-dlp public YouTube metadata extractor
LMxfxia1mt0,history_education,Peking Opera history documentary,15,A Primer of Beijing Opera,"For those in want of a deeper knowledge of Chinese philosophy and values, we are presenting “A Primer of Beijing Opera” , described 20 years ago by Xu Mingqiang, the then Editor-in-chief of Foreign Languages Press, as “an ingenious guide to the realm of Beijing Opera, an easy way to understand a complex performance, a unique, lovely and friendly presentation. Once bewilderment, twice enjoyment”. 

The product combines a trinity of user-friendly guides for readers (repertoire synopsis), listeners (two arias per week, recorded by well-known performers) and viewers. These guides will help give a greater enjoyment of both the children’s animated piece, and the professional production by the national flagship opera company, that we will broadcast in the near future.

#VisitingChinafromhome #VisitingChinaonline","China National Tourist Office, London",UCclKErQ3Jf9wWwElS-nVKZQ,20200501,1588346502,2665,808,17.0,,https://www.youtube.com/watch?v=LMxfxia1mt0,public,not_live,en,China|china culture|beijing opera|peking opera|opera|beijing|beijing tourism|china travel|china tourism|travel china|culture,People & Blogs,https://i.ytimg.com/vi/LMxfxia1mt0/sddefault.jpg,2026-07-24T07:42:43+00:00,yt-dlp public YouTube metadata extractor
bfdZOtMPwPM,history_education,Peking Opera history documentary,16,Visit the former residence of a Peking Opera legend,"Mei Lanfang was a noted Peking Opera master in modern-day Chinese history, whose performances introduced world to exquisite artistry. Follow Caroline as she explores his former residence and traditional courtyard, which is representative of traditional Chinese architecture, to learn more about Mei Lanfang’s extraordinary achievements. #Unearthed",China Plus,UC2UMZKo10kGul1xLKbkD0uQ,20210505,1620227953,3635,277,8.0,1.0,https://www.youtube.com/watch?v=bfdZOtMPwPM,public,was_live,en,,People & Blogs,https://i.ytimg.com/vi/bfdZOtMPwPM/maxresdefault.jpg,2026-07-24T07:42:43+00:00,yt-dlp public YouTube metadata extractor
UMvhqvajxD0,history_education,Peking Opera history documentary,17,Wang Jinlu「Peking Opera：Behind the Greasepaint」 | China Documentary,"Subscribe to China Documentary: https://bit.ly/3aPKZe4

Click to Watch More：
City of Joy :
https://bit.ly/31lVZwE
Under the Foreign Sky III:
https://bit.ly/2QlAi9Z
Four Ways to Kung Fu:
https://bit.ly/2YvRHkq
Bridge Barbers:
https://bit.ly/34yeQGS
Summer of Life: 
https://bit.ly/3gWXEOV",China Documentary,UCvQTE2SwMvtoIpr79Q270Gg,20201016,1602853210,1313,294,1.0,,https://www.youtube.com/watch?v=UMvhqvajxD0,public,not_live,,Peking Opera|Greasepaint|Greasepaint face|artist|京剧泰斗|王金璐|china|beijing opera|京劇|国粹|chinese opera|武生|Peking|peking duck|粉墨人生|makeup artist|greasepaint|京剧|马连良|京剧艺术|京剧脸谱|京剧脸谱知识|戏曲|京剧脸谱面具|京剧脸谱介绍|梅兰芳|梅蘭芳|beijing|meilanfang|霸王别姬|cctv戏曲|chinese culture|documentary|BBC Documentary|Discovery|Wildlife Animal|National Geographic,People & Blogs,https://i.ytimg.com/vi/UMvhqvajxD0/maxresdefault.jpg,2026-07-24T07:42:43+00:00,yt-dlp public YouTube metadata extractor
fp7-0ePf0SM,history_education,Peking Opera history documentary,18,Beijing Opera - Cultural Revolution - People's Century,,International School History,UCpMD40tqs6e6lr6NZACDG7w,20151022,1445525528,104,1142,8.0,,https://www.youtube.com/watch?v=fp7-0ePf0SM,public,not_live,en,Peking Opera (Opera Genre)|Beijing (City/Town/Village)|Cultural Revolution (Event)|People's Century (TV Program),Education,https://i.ytimg.com/vi/fp7-0ePf0SM/maxresdefault.jpg,2026-07-24T07:42:43+00:00,yt-dlp public YouTube metadata extractor
A21bSXxQEWU,history_education,Peking Opera history documentary,19,A 100-Year-Old Theatre EP.02 Inheritance of Qinqiang Opera | China Documentary,"The Yisu Art Troupe, the oldest opera group still performing in China, has staged Qinqiang Opera since it was established in 1912.

►Subscribe to China Documentary: https://bit.ly/31ODgus

More History Documentaries Recommended:

Ming-Qing Transition:
https://bit.ly/3qwsxQb
Every Treasure Tells a Story:
https://bit.ly/3FxMpc0
The Xuanwu Gate Incident: 
https://bit.ly/3mv9fJs
Wu Zetian: The Only Female Emperor:
https://bit.ly/3muzIXP
Emperor Guangxu and Empress Dowager Cixi: 
https://bit.ly/3ejn5KD
China in the Eyes of Foreign Photographers:
https://bit.ly/3H7pkx0

#Storytelling #History #Xian #Theatre
#ChineseHistory #Documentary #易俗社",China Documentary,UCvQTE2SwMvtoIpr79Q270Gg,20211230,1640862004,1444,272,5.0,,https://www.youtube.com/watch?v=A21bSXxQEWU,public,not_live,en,Yisu Art Troupe|易俗社|陕西易俗社|秦腔|Qinqiang Opera|鲁迅|Lu Xun|古调独弹|liu zhensu|Peking Opera|Tradtional Chinese Opera|Chinese Opera|China Documentary|100-Year-Old|old Theatre|theater|Shaanxi Province|陕西伶学社|易俗伶学社|同盟会|李桐轩|民国|戏曲改良|孙中山|Li Tongxuan|Sun Renyu|Manuscipt of identifying old opera scripts|Strike up the tunes alone|Drunken Concubine|opera singer|Chinese culture|mordern history|world famous theatre|history documentary|Chinese history|documentary,People & Blogs,https://i.ytimg.com/vi/A21bSXxQEWU/maxresdefault.jpg,2026-07-24T07:42:43+00:00,yt-dlp public YouTube metadata extractor
MNQOQo2FVlY,history_education,Peking Opera history documentary,20,Brief introduction of Peking Opera to help you learn Chinese,"Peking opera is a performance art incorporating singing, reciting, acting, martial arts. Although widely practised throughout China, its performance centres on Beijing, Tianjin and Shanghai. Peking opera is sung and recited using primarily Beijing dialect, and its librettos are composed according to a strict set of rules that prize form and rhyme.",See China differently,UCe3FRzkYzw2OrChluvYqI8A,20211016,1634397999,416,12670,201.0,3.0,https://www.youtube.com/watch?v=MNQOQo2FVlY,public,not_live,en,peking opera history|peking opera introduction|peking opera makeup|peking opera performer|chinese culture introduction|chinese culture and traditions|chinese culture documentary|learn chinese online|learn chinese for beginners,Education,https://i.ytimg.com/vi/MNQOQo2FVlY/maxresdefault.jpg,2026-07-24T07:42:43+00:00,yt-dlp public YouTube metadata extractor
